"File","Line","Class"
"classes17.txt","11","Lua/krupa/spanish/ai/AIConversationMode$Companion;"
"classes17.txt","120","Lua/krupa/spanish/ai/AIConversationMode;"
"classes17.txt","397","Lua/krupa/spanish/ai/AICorrection;"
"classes17.txt","738","Lua/krupa/spanish/ai/AIMessage;"
"classes17.txt","1106","Lua/krupa/spanish/ai/AIProvider;"
"classes17.txt","1156","Lua/krupa/spanish/ai/AIProviderRegistry$resolve$1;"
"classes17.txt","1251","Lua/krupa/spanish/ai/AIProviderRegistry;"
"classes17.txt","1647","Lua/krupa/spanish/ai/AIRequest;"
"classes17.txt","2375","Lua/krupa/spanish/ai/AIResponse;"
"classes17.txt","2849","Lua/krupa/spanish/ai/AIScenario$Companion;"
"classes17.txt","2958","Lua/krupa/spanish/ai/AIScenario;"
"classes14.txt","16","Lua/krupa/spanish/ai/providers/LocalAIProvider$Companion;"
"classes14.txt","124","Lua/krupa/spanish/ai/providers/LocalAIProvider$ScriptLine;"
"classes14.txt","380","Lua/krupa/spanish/ai/providers/LocalAIProvider$WhenMappings;"
"classes14.txt","471","Lua/krupa/spanish/ai/providers/LocalAIProvider;"
"classes15.txt","4","Lua/krupa/spanish/BuildConfig;"
"classes11.txt","11","Lua/krupa/spanish/core/AppContainer$aiProviders$2;"
"classes11.txt","111","Lua/krupa/spanish/core/AppContainer$contentSeeder$2;"
"classes11.txt","196","Lua/krupa/spanish/core/AppContainer$contentSource$2;"
"classes11.txt","278","Lua/krupa/spanish/core/AppContainer$courseRepository$2;"
"classes11.txt","360","Lua/krupa/spanish/core/AppContainer$database$2;"
"classes11.txt","443","Lua/krupa/spanish/core/AppContainer$lessonBuilder$2;"
"classes11.txt","534","Lua/krupa/spanish/core/AppContainer$mistakeTracker$2;"
"classes11.txt","616","Lua/krupa/spanish/core/AppContainer$progressRepository$2;"
"classes11.txt","701","Lua/krupa/spanish/core/AppContainer$progressTransfer$2;"
"classes11.txt","786","Lua/krupa/spanish/core/AppContainer$speechRecognizer$2;"
"classes11.txt","868","Lua/krupa/spanish/core/AppContainer$srsEngine$2;"
"classes11.txt","950","Lua/krupa/spanish/core/AppContainer$ttsEngine$2;"
"classes11.txt","1032","Lua/krupa/spanish/core/AppContainer$userRepository$2;"
"classes11.txt","1111","Lua/krupa/spanish/core/AppContainer;"
"classes16.txt","11","Lua/krupa/spanish/data/content/AssetsContentSource$Companion$json$1;"
"classes16.txt","118","Lua/krupa/spanish/data/content/AssetsContentSource$Companion;"
"classes16.txt","179","Lua/krupa/spanish/data/content/AssetsContentSource;"
"classes16.txt","694","Lua/krupa/spanish/data/content/ComprehensionQuestionDto$$serializer;"
"classes16.txt","1020","Lua/krupa/spanish/data/content/ComprehensionQuestionDto$Companion;"
"classes16.txt","1106","Lua/krupa/spanish/data/content/ComprehensionQuestionDto;"
"classes16.txt","1731","Lua/krupa/spanish/data/content/ContentMappers;"
"classes16.txt","4964","Lua/krupa/spanish/data/content/ContentPackDto$$serializer;"
"classes16.txt","5391","Lua/krupa/spanish/data/content/ContentPackDto$Companion;"
"classes16.txt","5507","Lua/krupa/spanish/data/content/ContentPackDto;"
"classes16.txt","6582","Lua/krupa/spanish/data/content/ContentSeeder$Companion;"
"classes16.txt","6636","Lua/krupa/spanish/data/content/ContentSeeder$seedIfNeeded$1;"
"classes16.txt","6737","Lua/krupa/spanish/data/content/ContentSeeder$seedIfNeeded$2;"
"classes16.txt","7542","Lua/krupa/spanish/data/content/ContentSeeder;"
"classes16.txt","8563","Lua/krupa/spanish/data/content/ContentValidator$duplicates$$inlined$groupingBy$1;"
"classes16.txt","8070","Lua/krupa/spanish/data/content/ContentValidator$Result;"
"classes16.txt","8435","Lua/krupa/spanish/data/content/ContentValidator$WhenMappings;"
"classes16.txt","8653","Lua/krupa/spanish/data/content/ContentValidator;"
"classes16.txt","10721","Lua/krupa/spanish/data/content/ExerciseDto$$serializer;"
"classes16.txt","11315","Lua/krupa/spanish/data/content/ExerciseDto$Companion;"
"classes16.txt","11413","Lua/krupa/spanish/data/content/ExerciseDto;"
"classes16.txt","13536","Lua/krupa/spanish/data/content/GrammarExampleDto$$serializer;"
"classes16.txt","13836","Lua/krupa/spanish/data/content/GrammarExampleDto$Companion;"
"classes16.txt","13910","Lua/krupa/spanish/data/content/GrammarExampleDto;"
"classes16.txt","14379","Lua/krupa/spanish/data/content/GrammarNoteDto$$serializer;"
"classes16.txt","14815","Lua/krupa/spanish/data/content/GrammarNoteDto$Companion;"
"classes16.txt","14901","Lua/krupa/spanish/data/content/GrammarNoteDto;"
"classes16.txt","16289","Lua/krupa/spanish/data/content/ListeningItemDto$$serializer;"
"classes16.txt","16735","Lua/krupa/spanish/data/content/ListeningItemDto$Companion;"
"classes16.txt","16833","Lua/krupa/spanish/data/content/ListeningItemDto;"
"classes16.txt","18169","Lua/krupa/spanish/data/content/ListeningLineDto$$serializer;"
"classes16.txt","18469","Lua/krupa/spanish/data/content/ListeningLineDto$Companion;"
"classes16.txt","18543","Lua/krupa/spanish/data/content/ListeningLineDto;"
"classes16.txt","19041","Lua/krupa/spanish/data/content/SentenceDto$$serializer;"
"classes16.txt","19463","Lua/krupa/spanish/data/content/SentenceDto$Companion;"
"classes16.txt","19555","Lua/krupa/spanish/data/content/SentenceDto;"
"classes16.txt","20724","Lua/krupa/spanish/data/content/TopicDto$$serializer;"
"classes16.txt","21114","Lua/krupa/spanish/data/content/TopicDto$Companion;"
"classes16.txt","21200","Lua/krupa/spanish/data/content/TopicDto;"
"classes16.txt","22265","Lua/krupa/spanish/data/content/WordDto$$serializer;"
"classes16.txt","22845","Lua/krupa/spanish/data/content/WordDto$Companion;"
"classes16.txt","22931","Lua/krupa/spanish/data/content/WordDto;"
"classes16.txt","25001","Lua/krupa/spanish/data/content/WordGlossDto$$serializer;"
"classes16.txt","25281","Lua/krupa/spanish/data/content/WordGlossDto$Companion;"
"classes16.txt","25355","Lua/krupa/spanish/data/content/WordGlossDto;"
"classes5.txt","11","Lua/krupa/spanish/data/database/AppConverters$Companion$json$1;"
"classes5.txt","122","Lua/krupa/spanish/data/database/AppConverters$Companion;"
"classes5.txt","469","Lua/krupa/spanish/data/database/AppConverters;"
"classes5.txt","2642","Lua/krupa/spanish/data/database/AppDatabase$Companion;"
"classes5.txt","2776","Lua/krupa/spanish/data/database/AppDatabase;"
"classes5.txt","2911","Lua/krupa/spanish/data/database/AppDatabase_Impl$1;"
"classes5.txt","22701","Lua/krupa/spanish/data/database/AppDatabase_Impl;"
"classes5.txt","6164","Lua/krupa/spanish/data/database/CardEntity;"
"classes5.txt","7696","Lua/krupa/spanish/data/database/ComprehensionQuestionEmbedded;"
"classes5.txt","8114","Lua/krupa/spanish/data/database/ConversationEntity;"
"classes5.txt","8856","Lua/krupa/spanish/data/database/ConversationMessageEmbedded;"
"classes5.txt","9264","Lua/krupa/spanish/data/database/ConversationMistakeEmbedded;"
"classes5.txt","9605","Lua/krupa/spanish/data/database/DailyStatEntity;"
"classes12.txt","96","Lua/krupa/spanish/data/database/dao/ContentDao;"
"classes12.txt","1461","Lua/krupa/spanish/data/database/dao/ContentDao_Impl$1;"
"classes12.txt","378","Lua/krupa/spanish/data/database/dao/ContentDao_Impl$10;"
"classes12.txt","442","Lua/krupa/spanish/data/database/dao/ContentDao_Impl$11;"
"classes12.txt","506","Lua/krupa/spanish/data/database/dao/ContentDao_Impl$12;"
"classes12.txt","576","Lua/krupa/spanish/data/database/dao/ContentDao_Impl$13;"
"classes12.txt","700","Lua/krupa/spanish/data/database/dao/ContentDao_Impl$14;"
"classes12.txt","824","Lua/krupa/spanish/data/database/dao/ContentDao_Impl$15;"
"classes12.txt","948","Lua/krupa/spanish/data/database/dao/ContentDao_Impl$16;"
"classes12.txt","1072","Lua/krupa/spanish/data/database/dao/ContentDao_Impl$17;"
"classes12.txt","1196","Lua/krupa/spanish/data/database/dao/ContentDao_Impl$18;"
"classes12.txt","1319","Lua/krupa/spanish/data/database/dao/ContentDao_Impl$19;"
"classes12.txt","3280","Lua/krupa/spanish/data/database/dao/ContentDao_Impl$2;"
"classes12.txt","1615","Lua/krupa/spanish/data/database/dao/ContentDao_Impl$20;"
"classes12.txt","1757","Lua/krupa/spanish/data/database/dao/ContentDao_Impl$21;"
"classes12.txt","1899","Lua/krupa/spanish/data/database/dao/ContentDao_Impl$22;"
"classes12.txt","2041","Lua/krupa/spanish/data/database/dao/ContentDao_Impl$23;"
"classes12.txt","2183","Lua/krupa/spanish/data/database/dao/ContentDao_Impl$24;"
"classes12.txt","2327","Lua/krupa/spanish/data/database/dao/ContentDao_Impl$25;"
"classes12.txt","2561","Lua/krupa/spanish/data/database/dao/ContentDao_Impl$26;"
"classes12.txt","2780","Lua/krupa/spanish/data/database/dao/ContentDao_Impl$27;"
"classes12.txt","2993","Lua/krupa/spanish/data/database/dao/ContentDao_Impl$28;"
"classes12.txt","3144","Lua/krupa/spanish/data/database/dao/ContentDao_Impl$29;"
"classes12.txt","7124","Lua/krupa/spanish/data/database/dao/ContentDao_Impl$3;"
"classes12.txt","3494","Lua/krupa/spanish/data/database/dao/ContentDao_Impl$30;"
"classes12.txt","3889","Lua/krupa/spanish/data/database/dao/ContentDao_Impl$31;"
"classes12.txt","4301","Lua/krupa/spanish/data/database/dao/ContentDao_Impl$32;"
"classes12.txt","4713","Lua/krupa/spanish/data/database/dao/ContentDao_Impl$33;"
"classes12.txt","5125","Lua/krupa/spanish/data/database/dao/ContentDao_Impl$34;"
"classes12.txt","5537","Lua/krupa/spanish/data/database/dao/ContentDao_Impl$35;"
"classes12.txt","5928","Lua/krupa/spanish/data/database/dao/ContentDao_Impl$36;"
"classes12.txt","6319","Lua/krupa/spanish/data/database/dao/ContentDao_Impl$37;"
"classes12.txt","6730","Lua/krupa/spanish/data/database/dao/ContentDao_Impl$38;"
"classes12.txt","6881","Lua/krupa/spanish/data/database/dao/ContentDao_Impl$39;"
"classes12.txt","9966","Lua/krupa/spanish/data/database/dao/ContentDao_Impl$4;"
"classes12.txt","7297","Lua/krupa/spanish/data/database/dao/ContentDao_Impl$40;"
"classes12.txt","7547","Lua/krupa/spanish/data/database/dao/ContentDao_Impl$41;"
"classes12.txt","7797","Lua/krupa/spanish/data/database/dao/ContentDao_Impl$42;"
"classes12.txt","8047","Lua/krupa/spanish/data/database/dao/ContentDao_Impl$43;"
"classes12.txt","8306","Lua/krupa/spanish/data/database/dao/ContentDao_Impl$44;"
"classes12.txt","8578","Lua/krupa/spanish/data/database/dao/ContentDao_Impl$45;"
"classes12.txt","8836","Lua/krupa/spanish/data/database/dao/ContentDao_Impl$46;"
"classes12.txt","9085","Lua/krupa/spanish/data/database/dao/ContentDao_Impl$47;"
"classes12.txt","9222","Lua/krupa/spanish/data/database/dao/ContentDao_Impl$48;"
"classes12.txt","9590","Lua/krupa/spanish/data/database/dao/ContentDao_Impl$49;"
"classes12.txt","12476","Lua/krupa/spanish/data/database/dao/ContentDao_Impl$5;"
"classes12.txt","10143","Lua/krupa/spanish/data/database/dao/ContentDao_Impl$50;"
"classes12.txt","10521","Lua/krupa/spanish/data/database/dao/ContentDao_Impl$51;"
"classes12.txt","10899","Lua/krupa/spanish/data/database/dao/ContentDao_Impl$52;"
"classes12.txt","11277","Lua/krupa/spanish/data/database/dao/ContentDao_Impl$53;"
"classes12.txt","11655","Lua/krupa/spanish/data/database/dao/ContentDao_Impl$54;"
"classes12.txt","11925","Lua/krupa/spanish/data/database/dao/ContentDao_Impl$55;"
"classes12.txt","12208","Lua/krupa/spanish/data/database/dao/ContentDao_Impl$56;"
"classes12.txt","12695","Lua/krupa/spanish/data/database/dao/ContentDao_Impl$6;"
"classes12.txt","12874","Lua/krupa/spanish/data/database/dao/ContentDao_Impl$7;"
"classes12.txt","12938","Lua/krupa/spanish/data/database/dao/ContentDao_Impl$8;"
"classes12.txt","13002","Lua/krupa/spanish/data/database/dao/ContentDao_Impl$9;"
"classes12.txt","41098","Lua/krupa/spanish/data/database/dao/ContentDao_Impl;"
"classes12.txt","13234","Lua/krupa/spanish/data/database/dao/UserDao$clearProgress$1;"
"classes12.txt","13067","Lua/krupa/spanish/data/database/dao/UserDao$DefaultImpls;"
"classes12.txt","13439","Lua/krupa/spanish/data/database/dao/UserDao;"
"classes12.txt","13858","Lua/krupa/spanish/data/database/dao/UserDao_Impl$$ExternalSyntheticLambda0;"
"classes12.txt","15486","Lua/krupa/spanish/data/database/dao/UserDao_Impl$1;"
"classes12.txt","13923","Lua/krupa/spanish/data/database/dao/UserDao_Impl$10;"
"classes12.txt","13987","Lua/krupa/spanish/data/database/dao/UserDao_Impl$11;"
"classes12.txt","14051","Lua/krupa/spanish/data/database/dao/UserDao_Impl$12;"
"classes12.txt","14120","Lua/krupa/spanish/data/database/dao/UserDao_Impl$13;"
"classes12.txt","14330","Lua/krupa/spanish/data/database/dao/UserDao_Impl$14;"
"classes12.txt","14546","Lua/krupa/spanish/data/database/dao/UserDao_Impl$15;"
"classes12.txt","14771","Lua/krupa/spanish/data/database/dao/UserDao_Impl$16;"
"classes12.txt","15001","Lua/krupa/spanish/data/database/dao/UserDao_Impl$17;"
"classes12.txt","15160","Lua/krupa/spanish/data/database/dao/UserDao_Impl$18;"
"classes12.txt","15324","Lua/krupa/spanish/data/database/dao/UserDao_Impl$19;"
"classes12.txt","17093","Lua/krupa/spanish/data/database/dao/UserDao_Impl$2;"
"classes12.txt","15651","Lua/krupa/spanish/data/database/dao/UserDao_Impl$20;"
"classes12.txt","15818","Lua/krupa/spanish/data/database/dao/UserDao_Impl$21;"
"classes12.txt","15977","Lua/krupa/spanish/data/database/dao/UserDao_Impl$22;"
"classes12.txt","16141","Lua/krupa/spanish/data/database/dao/UserDao_Impl$23;"
"classes12.txt","16310","Lua/krupa/spanish/data/database/dao/UserDao_Impl$24;"
"classes12.txt","16484","Lua/krupa/spanish/data/database/dao/UserDao_Impl$25;"
"classes12.txt","16600","Lua/krupa/spanish/data/database/dao/UserDao_Impl$26;"
"classes12.txt","16722","Lua/krupa/spanish/data/database/dao/UserDao_Impl$27;"
"classes12.txt","16846","Lua/krupa/spanish/data/database/dao/UserDao_Impl$28;"
"classes12.txt","16970","Lua/krupa/spanish/data/database/dao/UserDao_Impl$29;"
"classes12.txt","18667","Lua/krupa/spanish/data/database/dao/UserDao_Impl$3;"
"classes12.txt","17243","Lua/krupa/spanish/data/database/dao/UserDao_Impl$30;"
"classes12.txt","17366","Lua/krupa/spanish/data/database/dao/UserDao_Impl$31;"
"classes12.txt","17508","Lua/krupa/spanish/data/database/dao/UserDao_Impl$32;"
"classes12.txt","17651","Lua/krupa/spanish/data/database/dao/UserDao_Impl$33;"
"classes12.txt","17807","Lua/krupa/spanish/data/database/dao/UserDao_Impl$34;"
"classes12.txt","17962","Lua/krupa/spanish/data/database/dao/UserDao_Impl$35;"
"classes12.txt","18104","Lua/krupa/spanish/data/database/dao/UserDao_Impl$36;"
"classes12.txt","18246","Lua/krupa/spanish/data/database/dao/UserDao_Impl$37;"
"classes12.txt","18388","Lua/krupa/spanish/data/database/dao/UserDao_Impl$38;"
"classes12.txt","18530","Lua/krupa/spanish/data/database/dao/UserDao_Impl$39;"
"classes12.txt","20029","Lua/krupa/spanish/data/database/dao/UserDao_Impl$4;"
"classes12.txt","18736","Lua/krupa/spanish/data/database/dao/UserDao_Impl$40;"
"classes12.txt","18878","Lua/krupa/spanish/data/database/dao/UserDao_Impl$41;"
"classes12.txt","19020","Lua/krupa/spanish/data/database/dao/UserDao_Impl$42;"
"classes12.txt","19163","Lua/krupa/spanish/data/database/dao/UserDao_Impl$43;"
"classes12.txt","19287","Lua/krupa/spanish/data/database/dao/UserDao_Impl$44;"
"classes12.txt","19415","Lua/krupa/spanish/data/database/dao/UserDao_Impl$45;"
"classes12.txt","19539","Lua/krupa/spanish/data/database/dao/UserDao_Impl$46;"
"classes12.txt","19663","Lua/krupa/spanish/data/database/dao/UserDao_Impl$47;"
"classes12.txt","19787","Lua/krupa/spanish/data/database/dao/UserDao_Impl$48;"
"classes12.txt","19911","Lua/krupa/spanish/data/database/dao/UserDao_Impl$49;"
"classes12.txt","22343","Lua/krupa/spanish/data/database/dao/UserDao_Impl$5;"
"classes12.txt","20099","Lua/krupa/spanish/data/database/dao/UserDao_Impl$50;"
"classes12.txt","20223","Lua/krupa/spanish/data/database/dao/UserDao_Impl$51;"
"classes12.txt","20347","Lua/krupa/spanish/data/database/dao/UserDao_Impl$52;"
"classes12.txt","20475","Lua/krupa/spanish/data/database/dao/UserDao_Impl$53;"
"classes12.txt","20599","Lua/krupa/spanish/data/database/dao/UserDao_Impl$54;"
"classes12.txt","20953","Lua/krupa/spanish/data/database/dao/UserDao_Impl$55;"
"classes12.txt","21303","Lua/krupa/spanish/data/database/dao/UserDao_Impl$56;"
"classes12.txt","21440","Lua/krupa/spanish/data/database/dao/UserDao_Impl$57;"
"classes12.txt","21819","Lua/krupa/spanish/data/database/dao/UserDao_Impl$58;"
"classes12.txt","22198","Lua/krupa/spanish/data/database/dao/UserDao_Impl$59;"
"classes12.txt","25316","Lua/krupa/spanish/data/database/dao/UserDao_Impl$6;"
"classes12.txt","22413","Lua/krupa/spanish/data/database/dao/UserDao_Impl$60;"
"classes12.txt","22550","Lua/krupa/spanish/data/database/dao/UserDao_Impl$61;"
"classes12.txt","22701","Lua/krupa/spanish/data/database/dao/UserDao_Impl$62;"
"classes12.txt","22838","Lua/krupa/spanish/data/database/dao/UserDao_Impl$63;"
"classes12.txt","22976","Lua/krupa/spanish/data/database/dao/UserDao_Impl$64;"
"classes12.txt","23365","Lua/krupa/spanish/data/database/dao/UserDao_Impl$65;"
"classes12.txt","23754","Lua/krupa/spanish/data/database/dao/UserDao_Impl$66;"
"classes12.txt","24143","Lua/krupa/spanish/data/database/dao/UserDao_Impl$67;"
"classes12.txt","24532","Lua/krupa/spanish/data/database/dao/UserDao_Impl$68;"
"classes12.txt","24921","Lua/krupa/spanish/data/database/dao/UserDao_Impl$69;"
"classes12.txt","28368","Lua/krupa/spanish/data/database/dao/UserDao_Impl$7;"
"classes12.txt","25387","Lua/krupa/spanish/data/database/dao/UserDao_Impl$70;"
"classes12.txt","25776","Lua/krupa/spanish/data/database/dao/UserDao_Impl$71;"
"classes12.txt","26165","Lua/krupa/spanish/data/database/dao/UserDao_Impl$72;"
"classes12.txt","26554","Lua/krupa/spanish/data/database/dao/UserDao_Impl$73;"
"classes12.txt","26943","Lua/krupa/spanish/data/database/dao/UserDao_Impl$74;"
"classes12.txt","27192","Lua/krupa/spanish/data/database/dao/UserDao_Impl$75;"
"classes12.txt","27441","Lua/krupa/spanish/data/database/dao/UserDao_Impl$76;"
"classes12.txt","27690","Lua/krupa/spanish/data/database/dao/UserDao_Impl$77;"
"classes12.txt","27930","Lua/krupa/spanish/data/database/dao/UserDao_Impl$78;"
"classes12.txt","28156","Lua/krupa/spanish/data/database/dao/UserDao_Impl$79;"
"classes12.txt","30728","Lua/krupa/spanish/data/database/dao/UserDao_Impl$8;"
"classes12.txt","28439","Lua/krupa/spanish/data/database/dao/UserDao_Impl$80;"
"classes12.txt","28673","Lua/krupa/spanish/data/database/dao/UserDao_Impl$81;"
"classes12.txt","28893","Lua/krupa/spanish/data/database/dao/UserDao_Impl$82;"
"classes12.txt","29135","Lua/krupa/spanish/data/database/dao/UserDao_Impl$83;"
"classes12.txt","29362","Lua/krupa/spanish/data/database/dao/UserDao_Impl$84;"
"classes12.txt","29584","Lua/krupa/spanish/data/database/dao/UserDao_Impl$85;"
"classes12.txt","29819","Lua/krupa/spanish/data/database/dao/UserDao_Impl$86;"
"classes12.txt","30039","Lua/krupa/spanish/data/database/dao/UserDao_Impl$87;"
"classes12.txt","30254","Lua/krupa/spanish/data/database/dao/UserDao_Impl$88;"
"classes12.txt","30475","Lua/krupa/spanish/data/database/dao/UserDao_Impl$89;"
"classes12.txt","31580","Lua/krupa/spanish/data/database/dao/UserDao_Impl$9;"
"classes12.txt","30799","Lua/krupa/spanish/data/database/dao/UserDao_Impl$90;"
"classes12.txt","31046","Lua/krupa/spanish/data/database/dao/UserDao_Impl$91;"
"classes12.txt","31292","Lua/krupa/spanish/data/database/dao/UserDao_Impl$92;"
"classes12.txt","31431","Lua/krupa/spanish/data/database/dao/UserDao_Impl$93;"
"classes12.txt","43564","Lua/krupa/spanish/data/database/dao/UserDao_Impl;"
"classes5.txt","10369","Lua/krupa/spanish/data/database/ExerciseEntity;"
"classes5.txt","11801","Lua/krupa/spanish/data/database/GrammarExampleEmbedded;"
"classes5.txt","12152","Lua/krupa/spanish/data/database/GrammarNoteEntity;"
"classes5.txt","13151","Lua/krupa/spanish/data/database/ListeningItemEntity;"
"classes5.txt","14058","Lua/krupa/spanish/data/database/ListeningLineEmbedded;"
"classes5.txt","14399","Lua/krupa/spanish/data/database/MistakeEntryEntity;"
"classes5.txt","15152","Lua/krupa/spanish/data/database/MistakeStatEntity;"
"classes5.txt","15803","Lua/krupa/spanish/data/database/ReviewLogEntity;"
"classes5.txt","16766","Lua/krupa/spanish/data/database/SentenceEntity;"
"classes5.txt","17610","Lua/krupa/spanish/data/database/SettingEntity;"
"classes5.txt","17896","Lua/krupa/spanish/data/database/TopicEntity;"
"classes5.txt","18599","Lua/krupa/spanish/data/database/TopicProgressEntity;"
"classes5.txt","19236","Lua/krupa/spanish/data/database/UserProfileEntity$Companion;"
"classes5.txt","19286","Lua/krupa/spanish/data/database/UserProfileEntity;"
"classes5.txt","20919","Lua/krupa/spanish/data/database/WordEntity;"
"classes5.txt","22418","Lua/krupa/spanish/data/database/WordGlossEmbedded;"
"classes11.txt","1669","Lua/krupa/spanish/data/repository/CourseRepositoryImpl$allWords$1;"
"classes11.txt","1743","Lua/krupa/spanish/data/repository/CourseRepositoryImpl$contentPack$1;"
"classes11.txt","1849","Lua/krupa/spanish/data/repository/CourseRepositoryImpl$exercise$1;"
"classes11.txt","1924","Lua/krupa/spanish/data/repository/CourseRepositoryImpl$exercisesByKind$1;"
"classes11.txt","1999","Lua/krupa/spanish/data/repository/CourseRepositoryImpl$exercisesByLevel$1;"
"classes11.txt","2074","Lua/krupa/spanish/data/repository/CourseRepositoryImpl$exercisesByTag$1;"
"classes11.txt","2149","Lua/krupa/spanish/data/repository/CourseRepositoryImpl$grammarByLevel$1;"
"classes11.txt","2224","Lua/krupa/spanish/data/repository/CourseRepositoryImpl$grammarByTag$1;"
"classes11.txt","2299","Lua/krupa/spanish/data/repository/CourseRepositoryImpl$grammarNotes$1;"
"classes11.txt","2373","Lua/krupa/spanish/data/repository/CourseRepositoryImpl$listeningByLevel$1;"
"classes11.txt","2448","Lua/krupa/spanish/data/repository/CourseRepositoryImpl$listeningItems$1;"
"classes11.txt","2521","Lua/krupa/spanish/data/repository/CourseRepositoryImpl$observeGrammarNotes$$inlined$map$1$2$1;"
"classes11.txt","2599","Lua/krupa/spanish/data/repository/CourseRepositoryImpl$observeGrammarNotes$$inlined$map$1$2;"
"classes11.txt","2767","Lua/krupa/spanish/data/repository/CourseRepositoryImpl$observeGrammarNotes$$inlined$map$1;"
"classes11.txt","2852","Lua/krupa/spanish/data/repository/CourseRepositoryImpl$observeListeningItems$$inlined$map$1$2$1;"
"classes11.txt","2930","Lua/krupa/spanish/data/repository/CourseRepositoryImpl$observeListeningItems$$inlined$map$1$2;"
"classes11.txt","3098","Lua/krupa/spanish/data/repository/CourseRepositoryImpl$observeListeningItems$$inlined$map$1;"
"classes11.txt","3183","Lua/krupa/spanish/data/repository/CourseRepositoryImpl$observeWordSearch$$inlined$map$1$2$1;"
"classes11.txt","3261","Lua/krupa/spanish/data/repository/CourseRepositoryImpl$observeWordSearch$$inlined$map$1$2;"
"classes11.txt","3429","Lua/krupa/spanish/data/repository/CourseRepositoryImpl$observeWordSearch$$inlined$map$1;"
"classes11.txt","3515","Lua/krupa/spanish/data/repository/CourseRepositoryImpl$sentence$1;"
"classes11.txt","3590","Lua/krupa/spanish/data/repository/CourseRepositoryImpl$sentences$1;"
"classes11.txt","3665","Lua/krupa/spanish/data/repository/CourseRepositoryImpl$sentencesByLevel$1;"
"classes11.txt","3740","Lua/krupa/spanish/data/repository/CourseRepositoryImpl$topic$1;"
"classes11.txt","3815","Lua/krupa/spanish/data/repository/CourseRepositoryImpl$topics$1;"
"classes11.txt","3889","Lua/krupa/spanish/data/repository/CourseRepositoryImpl$word$1;"
"classes11.txt","3964","Lua/krupa/spanish/data/repository/CourseRepositoryImpl$words$1;"
"classes11.txt","4039","Lua/krupa/spanish/data/repository/CourseRepositoryImpl$wordsByLevel$1;"
"classes11.txt","4114","Lua/krupa/spanish/data/repository/CourseRepositoryImpl$wordsByTopic$1;"
"classes11.txt","4235","Lua/krupa/spanish/data/repository/CourseRepositoryImpl;"
"classes11.txt","7058","Lua/krupa/spanish/data/repository/ProgressRepositoryImpl$buildSnapshot$$inlined$sortedBy$1;"
"classes11.txt","7003","Lua/krupa/spanish/data/repository/ProgressRepositoryImpl$Companion;"
"classes11.txt","7141","Lua/krupa/spanish/data/repository/ProgressRepositoryImpl$observeSnapshot$$inlined$combine$1$2;"
"classes11.txt","7225","Lua/krupa/spanish/data/repository/ProgressRepositoryImpl$observeSnapshot$$inlined$combine$1$3;"
"classes11.txt","7525","Lua/krupa/spanish/data/repository/ProgressRepositoryImpl$observeSnapshot$$inlined$combine$1;"
"classes11.txt","7626","Lua/krupa/spanish/data/repository/ProgressRepositoryImpl$reviewForecast$$inlined$groupingBy$1;"
"classes11.txt","7732","Lua/krupa/spanish/data/repository/ProgressRepositoryImpl$reviewForecast$1;"
"classes11.txt","7815","Lua/krupa/spanish/data/repository/ProgressRepositoryImpl$snapshot$1;"
"classes11.txt","7930","Lua/krupa/spanish/data/repository/ProgressRepositoryImpl;"
"classes11.txt","10143","Lua/krupa/spanish/data/repository/UserRepositoryImpl$addActivity$1;"
"classes11.txt","10266","Lua/krupa/spanish/data/repository/UserRepositoryImpl$clearProgress$1;"
"classes11.txt","10343","Lua/krupa/spanish/data/repository/UserRepositoryImpl$observeProfile$$inlined$map$1$2$1;"
"classes11.txt","10421","Lua/krupa/spanish/data/repository/UserRepositoryImpl$observeProfile$$inlined$map$1$2;"
"classes11.txt","10551","Lua/krupa/spanish/data/repository/UserRepositoryImpl$observeProfile$$inlined$map$1;"
"classes11.txt","10637","Lua/krupa/spanish/data/repository/UserRepositoryImpl$profile$1;"
"classes11.txt","10711","Lua/krupa/spanish/data/repository/UserRepositoryImpl$profileExists$1;"
"classes11.txt","10785","Lua/krupa/spanish/data/repository/UserRepositoryImpl$resetEverything$1;"
"classes11.txt","10863","Lua/krupa/spanish/data/repository/UserRepositoryImpl$saveProfile$1;"
"classes11.txt","10946","Lua/krupa/spanish/data/repository/UserRepositoryImpl$todayStat$1;"
"classes11.txt","11060","Lua/krupa/spanish/data/repository/UserRepositoryImpl;"
"classes3.txt","16","Lua/krupa/spanish/data/transfer/CardBackup$$serializer;"
"classes3.txt","671","Lua/krupa/spanish/data/transfer/CardBackup$Companion;"
"classes3.txt","757","Lua/krupa/spanish/data/transfer/CardBackup;"
"classes3.txt","2525","Lua/krupa/spanish/data/transfer/ConversationBackup$$serializer;"
"classes3.txt","2885","Lua/krupa/spanish/data/transfer/ConversationBackup$Companion;"
"classes3.txt","2959","Lua/krupa/spanish/data/transfer/ConversationBackup;"
"classes3.txt","3683","Lua/krupa/spanish/data/transfer/DailyStatBackup$$serializer;"
"classes3.txt","4083","Lua/krupa/spanish/data/transfer/DailyStatBackup$Companion;"
"classes3.txt","4157","Lua/krupa/spanish/data/transfer/DailyStatBackup;"
"classes3.txt","4973","Lua/krupa/spanish/data/transfer/ExportReport;"
"classes3.txt","5412","Lua/krupa/spanish/data/transfer/ImportReport;"
"classes3.txt","6086","Lua/krupa/spanish/data/transfer/MistakeBackup$$serializer;"
"classes3.txt","6436","Lua/krupa/spanish/data/transfer/MistakeBackup$Companion;"
"classes3.txt","6510","Lua/krupa/spanish/data/transfer/MistakeBackup;"
"classes3.txt","7157","Lua/krupa/spanish/data/transfer/MistakeStatBackup$$serializer;"
"classes3.txt","7553","Lua/krupa/spanish/data/transfer/MistakeStatBackup$Companion;"
"classes3.txt","7639","Lua/krupa/spanish/data/transfer/MistakeStatBackup;"
"classes3.txt","8524","Lua/krupa/spanish/data/transfer/ProfileBackup$$serializer;"
"classes3.txt","8954","Lua/krupa/spanish/data/transfer/ProfileBackup$Companion;"
"classes3.txt","9028","Lua/krupa/spanish/data/transfer/ProfileBackup;"
"classes3.txt","10437","Lua/krupa/spanish/data/transfer/ProgressBackup$$serializer;"
"classes3.txt","10918","Lua/krupa/spanish/data/transfer/ProgressBackup$Companion;"
"classes3.txt","11028","Lua/krupa/spanish/data/transfer/ProgressBackup;"
"classes3.txt","12711","Lua/krupa/spanish/data/transfer/ProgressTransfer$collectBackup$1;"
"classes3.txt","12532","Lua/krupa/spanish/data/transfer/ProgressTransfer$Companion$json$1;"
"classes3.txt","12638","Lua/krupa/spanish/data/transfer/ProgressTransfer$Companion;"
"classes3.txt","13172","Lua/krupa/spanish/data/transfer/ProgressTransfer$exportedFiles$$inlined$sortedByDescending$1;"
"classes3.txt","12827","Lua/krupa/spanish/data/transfer/ProgressTransfer$exportToFile$2;"
"classes3.txt","13260","Lua/krupa/spanish/data/transfer/ProgressTransfer$importFromText$2;"
"classes3.txt","14815","Lua/krupa/spanish/data/transfer/ProgressTransfer;"
"classes13.txt","18","Lua/krupa/spanish/domain/model/ComprehensionQuestion;"
"classes13.txt","490","Lua/krupa/spanish/domain/model/ContentPack;"
"classes13.txt","1261","Lua/krupa/spanish/domain/model/Exercise;"
"classes13.txt","2762","Lua/krupa/spanish/domain/model/ExerciseKind$Companion;"
"classes13.txt","2871","Lua/krupa/spanish/domain/model/ExerciseKind;"
"classes13.txt","3184","Lua/krupa/spanish/domain/model/Gender$Companion;"
"classes13.txt","3292","Lua/krupa/spanish/domain/model/Gender;"
"classes13.txt","3572","Lua/krupa/spanish/domain/model/Grade$Companion;"
"classes13.txt","3681","Lua/krupa/spanish/domain/model/Grade;"
"classes13.txt","3958","Lua/krupa/spanish/domain/model/GrammarExample;"
"classes13.txt","4338","Lua/krupa/spanish/domain/model/GrammarNote;"
"classes13.txt","5330","Lua/krupa/spanish/domain/model/GrammarTag$Companion;"
"classes13.txt","5437","Lua/krupa/spanish/domain/model/GrammarTag;"
"classes13.txt","6049","Lua/krupa/spanish/domain/model/LearningGoal$Companion;"
"classes13.txt","6158","Lua/krupa/spanish/domain/model/LearningGoal;"
"classes13.txt","6457","Lua/krupa/spanish/domain/model/Level$Companion;"
"classes13.txt","6609","Lua/krupa/spanish/domain/model/Level;"
"classes13.txt","7028","Lua/krupa/spanish/domain/model/ListeningItem;"
"classes13.txt","7937","Lua/krupa/spanish/domain/model/ListeningKind$Companion;"
"classes13.txt","8046","Lua/krupa/spanish/domain/model/ListeningKind;"
"classes13.txt","8291","Lua/krupa/spanish/domain/model/ListeningLine;"
"classes13.txt","8635","Lua/krupa/spanish/domain/model/PartOfSpeech$Companion;"
"classes13.txt","8745","Lua/krupa/spanish/domain/model/PartOfSpeech;"
"classes13.txt","9097","Lua/krupa/spanish/domain/model/Sentence;"
"classes13.txt","9948","Lua/krupa/spanish/domain/model/SentenceKind$Companion;"
"classes13.txt","10057","Lua/krupa/spanish/domain/model/SentenceKind;"
"classes13.txt","10305","Lua/krupa/spanish/domain/model/ThemeMode$Companion;"
"classes13.txt","10414","Lua/krupa/spanish/domain/model/ThemeMode;"
"classes13.txt","10656","Lua/krupa/spanish/domain/model/Topic;"
"classes13.txt","11406","Lua/krupa/spanish/domain/model/UserProfile;"
"classes13.txt","12900","Lua/krupa/spanish/domain/model/UserProfileKt;"
"classes13.txt","13129","Lua/krupa/spanish/domain/model/Word;"
"classes13.txt","14722","Lua/krupa/spanish/domain/model/WordGloss;"
"classes8.txt","1463","Lua/krupa/spanish/domain/repository/CourseRepository;"
"classes8.txt","1630","Lua/krupa/spanish/domain/repository/ProgressRepository$DefaultImpls;"
"classes8.txt","1683","Lua/krupa/spanish/domain/repository/ProgressRepository;"
"classes8.txt","1744","Lua/krupa/spanish/domain/repository/ProgressSnapshot;"
"classes8.txt","3582","Lua/krupa/spanish/domain/repository/UserRepository$Companion;"
"classes8.txt","3704","Lua/krupa/spanish/domain/repository/UserRepository$DefaultImpls;"
"classes8.txt","3994","Lua/krupa/spanish/domain/repository/UserRepository;"
"classes15.txt","1171","Lua/krupa/spanish/learning/assessment/PlacementTest$Question;"
"classes15.txt","2304","Lua/krupa/spanish/learning/assessment/PlacementTest$TestResult$weakAreasUk$2;"
"classes15.txt","2428","Lua/krupa/spanish/learning/assessment/PlacementTest$TestResult;"
"classes15.txt","3104","Lua/krupa/spanish/learning/assessment/PlacementTest;"
"classes6.txt","10","Lua/krupa/spanish/learning/mistakes/MistakeTracker$Companion;"
"classes6.txt","64","Lua/krupa/spanish/learning/mistakes/MistakeTracker$masteryFor$1;"
"classes6.txt","143","Lua/krupa/spanish/learning/mistakes/MistakeTracker$record$1;"
"classes6.txt","262","Lua/krupa/spanish/learning/mistakes/MistakeTracker$tagsNeedingPractice$$inlined$sortedBy$1;"
"classes6.txt","351","Lua/krupa/spanish/learning/mistakes/MistakeTracker$tagsNeedingPractice$1;"
"classes6.txt","434","Lua/krupa/spanish/learning/mistakes/MistakeTracker$totalAttempts$1;"
"classes6.txt","508","Lua/krupa/spanish/learning/mistakes/MistakeTracker$totalMistakes$1;"
"classes6.txt","583","Lua/krupa/spanish/learning/mistakes/MistakeTracker$weakestTags$$inlined$sortedBy$1;"
"classes6.txt","665","Lua/krupa/spanish/learning/mistakes/MistakeTracker$weakestTags$1;"
"classes6.txt","767","Lua/krupa/spanish/learning/mistakes/MistakeTracker;"
"classes6.txt","2174","Lua/krupa/spanish/learning/mistakes/WeakSpot;"
"classes8.txt","4167","Lua/krupa/spanish/learning/session/AnswerCheck$Companion;"
"classes8.txt","4506","Lua/krupa/spanish/learning/session/AnswerCheck;"
"classes8.txt","5051","Lua/krupa/spanish/learning/session/LessonBuilder$ActivityAllocation$Companion;"
"classes8.txt","5216","Lua/krupa/spanish/learning/session/LessonBuilder$ActivityAllocation;"
"classes8.txt","6074","Lua/krupa/spanish/learning/session/LessonBuilder$buildPlan$$inlined$sortedByDescending$1;"
"classes8.txt","6167","Lua/krupa/spanish/learning/session/LessonBuilder$buildPlan$1;"
"classes8.txt","6294","Lua/krupa/spanish/learning/session/LessonBuilder$buildReason$1$1;"
"classes8.txt","6404","Lua/krupa/spanish/learning/session/LessonBuilder$buildReviewItems$1;"
"classes8.txt","5942","Lua/krupa/spanish/learning/session/LessonBuilder$Companion;"
"classes8.txt","6499","Lua/krupa/spanish/learning/session/LessonBuilder$pickGrammar$1;"
"classes8.txt","6595","Lua/krupa/spanish/learning/session/LessonBuilder$pickGrammar$lambda$40$$inlined$sortedBy$1;"
"classes8.txt","6678","Lua/krupa/spanish/learning/session/LessonBuilder$pickNewWords$$inlined$sortedBy$1;"
"classes8.txt","6760","Lua/krupa/spanish/learning/session/LessonBuilder$pickNewWords$1;"
"classes8.txt","6866","Lua/krupa/spanish/learning/session/LessonBuilder$pickNewWords$4;"
"classes8.txt","6963","Lua/krupa/spanish/learning/session/LessonBuilder$pickNewWords$5;"
"classes8.txt","7071","Lua/krupa/spanish/learning/session/LessonBuilder$prioritize$$inlined$sortedByDescending$1;"
"classes8.txt","5993","Lua/krupa/spanish/learning/session/LessonBuilder$WhenMappings;"
"classes8.txt","7180","Lua/krupa/spanish/learning/session/LessonBuilder;"
"classes8.txt","11305","Lua/krupa/spanish/learning/session/LessonBuilderKt;"
"classes8.txt","11421","Lua/krupa/spanish/learning/session/SessionBlock;"
"classes8.txt","11824","Lua/krupa/spanish/learning/session/SessionBlockKind$Companion;"
"classes8.txt","11933","Lua/krupa/spanish/learning/session/SessionBlockKind;"
"classes8.txt","12215","Lua/krupa/spanish/learning/session/SessionPlan;"
"classes8.txt","37845","Lua/krupa/spanish/learning/session/SessionStep$ExerciseStep;"
"classes8.txt","38211","Lua/krupa/spanish/learning/session/SessionStep$Flashcard;"
"classes8.txt","39370","Lua/krupa/spanish/learning/session/SessionStep$GrammarStep;"
"classes8.txt","39732","Lua/krupa/spanish/learning/session/SessionStep$ListeningStep;"
"classes8.txt","40104","Lua/krupa/spanish/learning/session/SessionStep$Summary;"
"classes8.txt","40676","Lua/krupa/spanish/learning/session/SessionStep$WordIntro;"
"classes8.txt","12704","Lua/krupa/spanish/learning/session/SessionStep;"
"classes8.txt","41038","Lua/krupa/spanish/learning/session/StudyItem$ExerciseItem;"
"classes8.txt","41272","Lua/krupa/spanish/learning/session/StudyItem$GrammarItem;"
"classes8.txt","41506","Lua/krupa/spanish/learning/session/StudyItem$ListeningItemRef;"
"classes8.txt","41740","Lua/krupa/spanish/learning/session/StudyItem$SentenceItem;"
"classes8.txt","41974","Lua/krupa/spanish/learning/session/StudyItem$WordItem;"
"classes8.txt","12738","Lua/krupa/spanish/learning/session/StudyItem;"
"classes13.txt","15001","Lua/krupa/spanish/learning/srs/CardPhase$Companion;"
"classes13.txt","15110","Lua/krupa/spanish/learning/srs/CardPhase;"
"classes13.txt","15357","Lua/krupa/spanish/learning/srs/CardState$Companion;"
"classes13.txt","15417","Lua/krupa/spanish/learning/srs/CardState;"
"classes13.txt","17278","Lua/krupa/spanish/learning/srs/GradePreview;"
"classes13.txt","17557","Lua/krupa/spanish/learning/srs/SrsEngine$allCards$1;"
"classes13.txt","17635","Lua/krupa/spanish/learning/srs/SrsEngine$cardFor$1;"
"classes13.txt","17714","Lua/krupa/spanish/learning/srs/SrsEngine$dueCards$1;"
"classes13.txt","17794","Lua/krupa/spanish/learning/srs/SrsEngine$ensureCard$1;"
"classes13.txt","17902","Lua/krupa/spanish/learning/srs/SrsEngine$memorizedCount$1;"
"classes13.txt","17976","Lua/krupa/spanish/learning/srs/SrsEngine$newCards$1;"
"classes13.txt","18055","Lua/krupa/spanish/learning/srs/SrsEngine$review$1;"
"classes13.txt","18164","Lua/krupa/spanish/learning/srs/SrsEngine$startedCount$1;"
"classes13.txt","18238","Lua/krupa/spanish/learning/srs/SrsEngine$troublesome$1;"
"classes13.txt","18319","Lua/krupa/spanish/learning/srs/SrsEngine$weakest$1;"
"classes13.txt","18420","Lua/krupa/spanish/learning/srs/SrsEngine;"
"classes13.txt","20333","Lua/krupa/spanish/learning/srs/SrsScheduler$WhenMappings;"
"classes13.txt","20453","Lua/krupa/spanish/learning/srs/SrsScheduler;"
"classes15.txt","85","Lua/krupa/spanish/MainActivity$onCreate$1$1$1;"
"classes15.txt","172","Lua/krupa/spanish/MainActivity$onCreate$1$1$2;"
"classes15.txt","263","Lua/krupa/spanish/MainActivity$onCreate$1$1;"
"classes15.txt","410","Lua/krupa/spanish/MainActivity$onCreate$1;"
"classes15.txt","680","Lua/krupa/spanish/MainActivity;"
"classes2.txt","7301","Lua/krupa/spanish/R$color;"
"classes2.txt","7338","Lua/krupa/spanish/R$mipmap;"
"classes2.txt","7385","Lua/krupa/spanish/R$string;"
"classes2.txt","7422","Lua/krupa/spanish/R$style;"
"classes2.txt","7459","Lua/krupa/spanish/R$xml;"
"classes2.txt","7500","Lua/krupa/spanish/R;"
"classes15.txt","819","Lua/krupa/spanish/SpanishApp$onCreate$1;"
"classes15.txt","1016","Lua/krupa/spanish/SpanishApp;"
"classes13.txt","21812","Lua/krupa/spanish/speech/pronunciation/IssueType;"
"classes13.txt","22105","Lua/krupa/spanish/speech/pronunciation/PronunciationIssue;"
"classes13.txt","22525","Lua/krupa/spanish/speech/pronunciation/PronunciationResult;"
"classes13.txt","23306","Lua/krupa/spanish/speech/pronunciation/PronunciationScorer$Operation;"
"classes13.txt","23486","Lua/krupa/spanish/speech/pronunciation/PronunciationScorer$Step;"
"classes13.txt","23827","Lua/krupa/spanish/speech/pronunciation/PronunciationScorer$WhenMappings;"
"classes13.txt","23914","Lua/krupa/spanish/speech/pronunciation/PronunciationScorer;"
"classes13.txt","26390","Lua/krupa/spanish/speech/pronunciation/SpanishPhonetics;"
"classes9.txt","42850","Lua/krupa/spanish/speech/recognition/SpanishSpeechRecognizer$Event$Amplitude;"
"classes9.txt","43058","Lua/krupa/spanish/speech/recognition/SpanishSpeechRecognizer$Event$Failed;"
"classes9.txt","43353","Lua/krupa/spanish/speech/recognition/SpanishSpeechRecognizer$Event$Final;"
"classes9.txt","43567","Lua/krupa/spanish/speech/recognition/SpanishSpeechRecognizer$Event$ListeningStarted;"
"classes9.txt","43685","Lua/krupa/spanish/speech/recognition/SpanishSpeechRecognizer$Event$Partial;"
"classes9.txt","43897","Lua/krupa/spanish/speech/recognition/SpanishSpeechRecognizer$Event$Ready;"
"classes9.txt","11","Lua/krupa/spanish/speech/recognition/SpanishSpeechRecognizer$Event;"
"classes9.txt","384","Lua/krupa/spanish/speech/recognition/SpanishSpeechRecognizer$listen$1$1;"
"classes9.txt","742","Lua/krupa/spanish/speech/recognition/SpanishSpeechRecognizer$listen$1$2;"
"classes9.txt","891","Lua/krupa/spanish/speech/recognition/SpanishSpeechRecognizer$listen$1;"
"classes9.txt","38","Lua/krupa/spanish/speech/recognition/SpanishSpeechRecognizer$Result;"
"classes9.txt","1191","Lua/krupa/spanish/speech/recognition/SpanishSpeechRecognizer;"
"classes9.txt","1523","Lua/krupa/spanish/speech/tts/SpanishTtsEngine$$ExternalSyntheticLambda0;"
"classes9.txt","1589","Lua/krupa/spanish/speech/tts/SpanishTtsEngine$Companion;"
"classes9.txt","2074","Lua/krupa/spanish/speech/tts/SpanishTtsEngine$configureEngine$$inlined$sortedBy$1;"
"classes9.txt","2152","Lua/krupa/spanish/speech/tts/SpanishTtsEngine$configureEngine$1;"
"classes9.txt","2356","Lua/krupa/spanish/speech/tts/SpanishTtsEngine$initialize$1;"
"classes9.txt","2437","Lua/krupa/spanish/speech/tts/SpanishTtsEngine$initialize$4;"
"classes9.txt","2591","Lua/krupa/spanish/speech/tts/SpanishTtsEngine$speak$1;"
"classes9.txt","2686","Lua/krupa/spanish/speech/tts/SpanishTtsEngine$speak$2;"
"classes9.txt","1679","Lua/krupa/spanish/speech/tts/SpanishTtsEngine$VoiceGender$Companion;"
"classes9.txt","1790","Lua/krupa/spanish/speech/tts/SpanishTtsEngine$VoiceGender;"
"classes9.txt","2011","Lua/krupa/spanish/speech/tts/SpanishTtsEngine$WhenMappings;"
"classes9.txt","2860","Lua/krupa/spanish/speech/tts/SpanishTtsEngine;"
"classes9.txt","4558","Lua/krupa/spanish/speech/tts/TtsState;"
"classes12.txt","31644","Lua/krupa/spanish/ui/AppRootKt$AppNavHost$1$1$1;"
"classes12.txt","31736","Lua/krupa/spanish/ui/AppRootKt$AppNavHost$1$1$2;"
"classes12.txt","33276","Lua/krupa/spanish/ui/AppRootKt$AppNavHost$1$1;"
"classes12.txt","31837","Lua/krupa/spanish/ui/AppRootKt$AppNavHost$1$10;"
"classes12.txt","31953","Lua/krupa/spanish/ui/AppRootKt$AppNavHost$1$11$1;"
"classes12.txt","32036","Lua/krupa/spanish/ui/AppRootKt$AppNavHost$1$11;"
"classes12.txt","32170","Lua/krupa/spanish/ui/AppRootKt$AppNavHost$1$12$1;"
"classes12.txt","32249","Lua/krupa/spanish/ui/AppRootKt$AppNavHost$1$12;"
"classes12.txt","32387","Lua/krupa/spanish/ui/AppRootKt$AppNavHost$1$13$1;"
"classes12.txt","32466","Lua/krupa/spanish/ui/AppRootKt$AppNavHost$1$13$2;"
"classes12.txt","32580","Lua/krupa/spanish/ui/AppRootKt$AppNavHost$1$13;"
"classes12.txt","32726","Lua/krupa/spanish/ui/AppRootKt$AppNavHost$1$14;"
"classes12.txt","32832","Lua/krupa/spanish/ui/AppRootKt$AppNavHost$1$15;"
"classes12.txt","32938","Lua/krupa/spanish/ui/AppRootKt$AppNavHost$1$16;"
"classes12.txt","33046","Lua/krupa/spanish/ui/AppRootKt$AppNavHost$1$17$1;"
"classes12.txt","33125","Lua/krupa/spanish/ui/AppRootKt$AppNavHost$1$17;"
"classes12.txt","33407","Lua/krupa/spanish/ui/AppRootKt$AppNavHost$1$2$1;"
"classes12.txt","33501","Lua/krupa/spanish/ui/AppRootKt$AppNavHost$1$2;"
"classes12.txt","33628","Lua/krupa/spanish/ui/AppRootKt$AppNavHost$1$3$1;"
"classes12.txt","33707","Lua/krupa/spanish/ui/AppRootKt$AppNavHost$1$3;"
"classes12.txt","33834","Lua/krupa/spanish/ui/AppRootKt$AppNavHost$1$4$1;"
"classes12.txt","33928","Lua/krupa/spanish/ui/AppRootKt$AppNavHost$1$4;"
"classes12.txt","34055","Lua/krupa/spanish/ui/AppRootKt$AppNavHost$1$5$1;"
"classes12.txt","34149","Lua/krupa/spanish/ui/AppRootKt$AppNavHost$1$5;"
"classes12.txt","34276","Lua/krupa/spanish/ui/AppRootKt$AppNavHost$1$6$1;"
"classes12.txt","34355","Lua/krupa/spanish/ui/AppRootKt$AppNavHost$1$6;"
"classes12.txt","34493","Lua/krupa/spanish/ui/AppRootKt$AppNavHost$1$7$1;"
"classes12.txt","34572","Lua/krupa/spanish/ui/AppRootKt$AppNavHost$1$7;"
"classes12.txt","34699","Lua/krupa/spanish/ui/AppRootKt$AppNavHost$1$8$1;"
"classes12.txt","34778","Lua/krupa/spanish/ui/AppRootKt$AppNavHost$1$8;"
"classes12.txt","34905","Lua/krupa/spanish/ui/AppRootKt$AppNavHost$1$9$1;"
"classes12.txt","34984","Lua/krupa/spanish/ui/AppRootKt$AppNavHost$1$9;"
"classes12.txt","35115","Lua/krupa/spanish/ui/AppRootKt$AppNavHost$1;"
"classes12.txt","35446","Lua/krupa/spanish/ui/AppRootKt$AppNavHost$2;"
"classes12.txt","35561","Lua/krupa/spanish/ui/AppRootKt$AppRoot$1;"
"classes12.txt","35676","Lua/krupa/spanish/ui/AppRootKt$AppRoot$2$1;"
"classes12.txt","35779","Lua/krupa/spanish/ui/AppRootKt$AppRoot$3;"
"classes12.txt","35894","Lua/krupa/spanish/ui/AppRootKt$AppRoot$4;"
"classes12.txt","36003","Lua/krupa/spanish/ui/AppRootKt$AppRoot$5$1$1$1;"
"classes12.txt","36105","Lua/krupa/spanish/ui/AppRootKt$AppRoot$5$1$1;"
"classes12.txt","36215","Lua/krupa/spanish/ui/AppRootKt$AppRoot$5$1;"
"classes12.txt","36305","Lua/krupa/spanish/ui/AppRootKt$AppRoot$5;"
"classes12.txt","36442","Lua/krupa/spanish/ui/AppRootKt$AppRoot$6$1$1;"
"classes12.txt","36529","Lua/krupa/spanish/ui/AppRootKt$AppRoot$6;"
"classes12.txt","36740","Lua/krupa/spanish/ui/AppRootKt$AppRoot$7;"
"classes12.txt","36849","Lua/krupa/spanish/ui/AppRootKt$ContentMissingScreen$2;"
"classes12.txt","36934","Lua/krupa/spanish/ui/AppRootKt$EntriesMappings;"
"classes12.txt","36977","Lua/krupa/spanish/ui/AppRootKt$LoadingScreen$2;"
"classes12.txt","37066","Lua/krupa/spanish/ui/AppRootKt;"
"classes7.txt","11","Lua/krupa/spanish/ui/components/CommonComponentsKt$ActivityBar$1$1$1;"
"classes7.txt","136","Lua/krupa/spanish/ui/components/CommonComponentsKt$ActivityBar$2;"
"classes7.txt","251","Lua/krupa/spanish/ui/components/CommonComponentsKt$EmptyState$2;"
"classes7.txt","361","Lua/krupa/spanish/ui/components/CommonComponentsKt$InfoBanner$1;"
"classes7.txt","831","Lua/krupa/spanish/ui/components/CommonComponentsKt$InfoBanner$2;"
"classes7.txt","952","Lua/krupa/spanish/ui/components/CommonComponentsKt$LabeledValueRow$2;"
"classes7.txt","1061","Lua/krupa/spanish/ui/components/CommonComponentsKt$MasteryBar$1$2$1;"
"classes7.txt","1144","Lua/krupa/spanish/ui/components/CommonComponentsKt$MasteryBar$2;"
"classes7.txt","1260","Lua/krupa/spanish/ui/components/CommonComponentsKt$MetricCard$1;"
"classes7.txt","2226","Lua/krupa/spanish/ui/components/CommonComponentsKt$MetricCard$2;"
"classes7.txt","2357","Lua/krupa/spanish/ui/components/CommonComponentsKt$SectionHeaderWithAction$2;"
"classes7.txt","2472","Lua/krupa/spanish/ui/components/CommonComponentsKt$SectionTitle$1;"
"classes7.txt","2574","Lua/krupa/spanish/ui/components/CommonComponentsKt$TextActionButton$1;"
"classes7.txt","2727","Lua/krupa/spanish/ui/components/CommonComponentsKt$TextActionButton$2;"
"classes7.txt","2838","Lua/krupa/spanish/ui/components/CommonComponentsKt;"
"classes7.txt","7141","Lua/krupa/spanish/ui/components/NavigationComponentsKt$ActionCard$1;"
"classes7.txt","8064","Lua/krupa/spanish/ui/components/NavigationComponentsKt$ActionCard$2;"
"classes7.txt","8203","Lua/krupa/spanish/ui/components/NavigationComponentsKt$ChoiceChipsRow$1$1$1;"
"classes7.txt","8294","Lua/krupa/spanish/ui/components/NavigationComponentsKt$ChoiceChipsRow$1$1$2;"
"classes7.txt","8458","Lua/krupa/spanish/ui/components/NavigationComponentsKt$ChoiceChipsRow$1$1$3;"
"classes7.txt","8549","Lua/krupa/spanish/ui/components/NavigationComponentsKt$ChoiceChipsRow$1$1$4;"
"classes7.txt","8717","Lua/krupa/spanish/ui/components/NavigationComponentsKt$ChoiceChipsRow$2;"
"classes7.txt","8842","Lua/krupa/spanish/ui/components/NavigationComponentsKt$KrupaBottomBar$1$1$1$1;"
"classes7.txt","8928","Lua/krupa/spanish/ui/components/NavigationComponentsKt$KrupaBottomBar$1$1$2;"
"classes7.txt","9068","Lua/krupa/spanish/ui/components/NavigationComponentsKt$KrupaBottomBar$1$1$3;"
"classes7.txt","9221","Lua/krupa/spanish/ui/components/NavigationComponentsKt$KrupaBottomBar$1;"
"classes7.txt","9546","Lua/krupa/spanish/ui/components/NavigationComponentsKt$KrupaBottomBar$2;"
"classes7.txt","9643","Lua/krupa/spanish/ui/components/NavigationComponentsKt$PrimaryActionButton$1;"
"classes7.txt","9848","Lua/krupa/spanish/ui/components/NavigationComponentsKt$PrimaryActionButton$2;"
"classes7.txt","9975","Lua/krupa/spanish/ui/components/NavigationComponentsKt;"
"classes17.txt","3432","Lua/krupa/spanish/ui/learn/ComposableSingletons$LearningComponentsKt$lambda-1$1;"
"classes17.txt","3582","Lua/krupa/spanish/ui/learn/ComposableSingletons$LearningComponentsKt;"
"classes17.txt","3666","Lua/krupa/spanish/ui/learn/LearningComponentsKt$TopicCard$1$1$2$1;"
"classes17.txt","3750","Lua/krupa/spanish/ui/learn/LearningComponentsKt$TopicCard$1;"
"classes17.txt","5139","Lua/krupa/spanish/ui/learn/LearningComponentsKt$TopicCard$2;"
"classes17.txt","5267","Lua/krupa/spanish/ui/learn/LearningComponentsKt$TopicMasteryRow$1;"
"classes17.txt","5427","Lua/krupa/spanish/ui/learn/LearningComponentsKt$TopicMasteryRow$2;"
"classes17.txt","5542","Lua/krupa/spanish/ui/learn/LearningComponentsKt$WordRow$1$1$1$1$1;"
"classes17.txt","5630","Lua/krupa/spanish/ui/learn/LearningComponentsKt$WordRow$1;"
"classes17.txt","6611","Lua/krupa/spanish/ui/learn/LearningComponentsKt$WordRow$2;"
"classes17.txt","6734","Lua/krupa/spanish/ui/learn/LearningComponentsKt;"
"classes12.txt","38878","Lua/krupa/spanish/ui/MainUiState;"
"classes12.txt","39633","Lua/krupa/spanish/ui/MainViewModel$bootstrap$1$2$emit$1;"
"classes12.txt","39717","Lua/krupa/spanish/ui/MainViewModel$bootstrap$1$2;"
"classes12.txt","39951","Lua/krupa/spanish/ui/MainViewModel$bootstrap$1;"
"classes12.txt","40410","Lua/krupa/spanish/ui/MainViewModel$saveProfile$1;"
"classes12.txt","40604","Lua/krupa/spanish/ui/MainViewModel;"
"classes12.txt","40871","Lua/krupa/spanish/ui/MainViewModelFactory;"
"classes8.txt","12764","Lua/krupa/spanish/ui/navigation/BottomDestination;"
"classes8.txt","13062","Lua/krupa/spanish/ui/navigation/Routes;"
"classes8.txt","13305","Lua/krupa/spanish/ui/navigation/SecondaryDestination;"
"classes14.txt","2163","Lua/krupa/spanish/ui/screens/ai/AiDialogScreenKt$AiDialogScreen$1;"
"classes14.txt","2067","Lua/krupa/spanish/ui/screens/ai/AiDialogScreenKt$AiDialogScreen$10;"
"classes14.txt","2250","Lua/krupa/spanish/ui/screens/ai/AiDialogScreenKt$AiDialogScreen$2;"
"classes14.txt","2337","Lua/krupa/spanish/ui/screens/ai/AiDialogScreenKt$AiDialogScreen$3;"
"classes14.txt","2418","Lua/krupa/spanish/ui/screens/ai/AiDialogScreenKt$AiDialogScreen$4;"
"classes14.txt","2505","Lua/krupa/spanish/ui/screens/ai/AiDialogScreenKt$AiDialogScreen$5;"
"classes14.txt","2586","Lua/krupa/spanish/ui/screens/ai/AiDialogScreenKt$AiDialogScreen$6;"
"classes14.txt","2667","Lua/krupa/spanish/ui/screens/ai/AiDialogScreenKt$AiDialogScreen$7;"
"classes14.txt","2756","Lua/krupa/spanish/ui/screens/ai/AiDialogScreenKt$AiDialogScreen$8$1$1;"
"classes14.txt","2872","Lua/krupa/spanish/ui/screens/ai/AiDialogScreenKt$AiDialogScreen$8$1;"
"classes14.txt","3049","Lua/krupa/spanish/ui/screens/ai/AiDialogScreenKt$AiDialogScreen$8;"
"classes14.txt","3168","Lua/krupa/spanish/ui/screens/ai/AiDialogScreenKt$AiDialogScreen$9;"
"classes14.txt","3249","Lua/krupa/spanish/ui/screens/ai/AiDialogScreenKt$AiDialogScreen$permissionLauncher$1;"
"classes14.txt","3354","Lua/krupa/spanish/ui/screens/ai/AiDialogScreenKt$ChatBubble$1$1;"
"classes14.txt","4197","Lua/krupa/spanish/ui/screens/ai/AiDialogScreenKt$ChatBubble$2;"
"classes14.txt","4300","Lua/krupa/spanish/ui/screens/ai/AiDialogScreenKt$ChatPhase$1;"
"classes14.txt","4485","Lua/krupa/spanish/ui/screens/ai/AiDialogScreenKt$ChatPhase$2$2$1$1$1;"
"classes14.txt","4574","Lua/krupa/spanish/ui/screens/ai/AiDialogScreenKt$ChatPhase$2$2$invoke$$inlined$items$default$1;"
"classes14.txt","4672","Lua/krupa/spanish/ui/screens/ai/AiDialogScreenKt$ChatPhase$2$2$invoke$$inlined$items$default$2;"
"classes14.txt","4767","Lua/krupa/spanish/ui/screens/ai/AiDialogScreenKt$ChatPhase$2$2$invoke$$inlined$items$default$3;"
"classes14.txt","4862","Lua/krupa/spanish/ui/screens/ai/AiDialogScreenKt$ChatPhase$2$2$invoke$$inlined$items$default$4;"
"classes14.txt","5106","Lua/krupa/spanish/ui/screens/ai/AiDialogScreenKt$ChatPhase$2$2;"
"classes14.txt","5255","Lua/krupa/spanish/ui/screens/ai/AiDialogScreenKt$ChatPhase$2$3$1;"
"classes14.txt","5424","Lua/krupa/spanish/ui/screens/ai/AiDialogScreenKt$ChatPhase$3;"
"classes14.txt","5546","Lua/krupa/spanish/ui/screens/ai/AiDialogScreenKt$ReviewPhase$1$2$1;"
"classes14.txt","6066","Lua/krupa/spanish/ui/screens/ai/AiDialogScreenKt$ReviewPhase$2;"
"classes14.txt","6169","Lua/krupa/spanish/ui/screens/ai/AiDialogScreenKt$SelectableRow$1;"
"classes14.txt","6681","Lua/krupa/spanish/ui/screens/ai/AiDialogScreenKt$SelectableRow$2;"
"classes14.txt","6794","Lua/krupa/spanish/ui/screens/ai/AiDialogScreenKt$SetupPhase$1$1$1$1$1;"
"classes14.txt","6883","Lua/krupa/spanish/ui/screens/ai/AiDialogScreenKt$SetupPhase$1$2$1$1$1;"
"classes14.txt","6978","Lua/krupa/spanish/ui/screens/ai/AiDialogScreenKt$SetupPhase$2;"
"classes14.txt","7092","Lua/krupa/spanish/ui/screens/ai/AiDialogScreenKt$WhenMappings;"
"classes14.txt","7174","Lua/krupa/spanish/ui/screens/ai/AiDialogScreenKt;"
"classes14.txt","12314","Lua/krupa/spanish/ui/screens/ai/AiDialogUiState;"
"classes14.txt","13436","Lua/krupa/spanish/ui/screens/ai/AiDialogViewModel$1;"
"classes14.txt","13811","Lua/krupa/spanish/ui/screens/ai/AiDialogViewModel$finish$1;"
"classes14.txt","14022","Lua/krupa/spanish/ui/screens/ai/AiDialogViewModel$focusWords$1;"
"classes14.txt","14100","Lua/krupa/spanish/ui/screens/ai/AiDialogViewModel$recordMistakes$1;"
"classes14.txt","14195","Lua/krupa/spanish/ui/screens/ai/AiDialogViewModel$saveConversation$1;"
"classes14.txt","14290","Lua/krupa/spanish/ui/screens/ai/AiDialogViewModel$send$1;"
"classes14.txt","14717","Lua/krupa/spanish/ui/screens/ai/AiDialogViewModel$speak$1;"
"classes14.txt","14914","Lua/krupa/spanish/ui/screens/ai/AiDialogViewModel$start$1;"
"classes14.txt","13681","Lua/krupa/spanish/ui/screens/ai/AiDialogViewModel$WhenMappings;"
"classes14.txt","15337","Lua/krupa/spanish/ui/screens/ai/AiDialogViewModel;"
"classes14.txt","17168","Lua/krupa/spanish/ui/screens/ai/AiDialogViewModelFactory;"
"classes14.txt","17260","Lua/krupa/spanish/ui/screens/ai/AiPhase;"
"classes14.txt","17428","Lua/krupa/spanish/ui/screens/ai/ChatMessage;"
"classes14.txt","17878","Lua/krupa/spanish/ui/screens/ai/ComposableSingletons$AiDialogScreenKt$lambda-1$1;"
"classes14.txt","18078","Lua/krupa/spanish/ui/screens/ai/ComposableSingletons$AiDialogScreenKt$lambda-2$1;"
"classes14.txt","18236","Lua/krupa/spanish/ui/screens/ai/ComposableSingletons$AiDialogScreenKt$lambda-3$1;"
"classes14.txt","18416","Lua/krupa/spanish/ui/screens/ai/ComposableSingletons$AiDialogScreenKt$lambda-4$1;"
"classes14.txt","18567","Lua/krupa/spanish/ui/screens/ai/ComposableSingletons$AiDialogScreenKt$lambda-5$1;"
"classes14.txt","18711","Lua/krupa/spanish/ui/screens/ai/ComposableSingletons$AiDialogScreenKt$lambda-6$1;"
"classes14.txt","18867","Lua/krupa/spanish/ui/screens/ai/ComposableSingletons$AiDialogScreenKt$lambda-7$1;"
"classes14.txt","19050","Lua/krupa/spanish/ui/screens/ai/ComposableSingletons$AiDialogScreenKt;"
"classes10.txt","12","Lua/krupa/spanish/ui/screens/exercise/ComposableSingletons$ExerciseContentKt$lambda-1$1;"
"classes10.txt","212","Lua/krupa/spanish/ui/screens/exercise/ComposableSingletons$ExerciseContentKt$lambda-2$1;"
"classes10.txt","376","Lua/krupa/spanish/ui/screens/exercise/ComposableSingletons$ExerciseContentKt;"
"classes10.txt","491","Lua/krupa/spanish/ui/screens/exercise/ExerciseContentKt$AnswerStrip$1$1$1$1$1;"
"classes10.txt","582","Lua/krupa/spanish/ui/screens/exercise/ExerciseContentKt$AnswerStrip$1$1$1$2;"
"classes10.txt","752","Lua/krupa/spanish/ui/screens/exercise/ExerciseContentKt$AnswerStrip$1;"
"classes10.txt","1414","Lua/krupa/spanish/ui/screens/exercise/ExerciseContentKt$AnswerStrip$2;"
"classes10.txt","1517","Lua/krupa/spanish/ui/screens/exercise/ExerciseContentKt$AudioRow$1$1;"
"classes10.txt","1715","Lua/krupa/spanish/ui/screens/exercise/ExerciseContentKt$AudioRow$2;"
"classes10.txt","1840","Lua/krupa/spanish/ui/screens/exercise/ExerciseContentKt$ChoiceList$1$1$1$1;"
"classes10.txt","1927","Lua/krupa/spanish/ui/screens/exercise/ExerciseContentKt$ChoiceList$1$1$2;"
"classes10.txt","2106","Lua/krupa/spanish/ui/screens/exercise/ExerciseContentKt$ChoiceList$2;"
"classes10.txt","2228","Lua/krupa/spanish/ui/screens/exercise/ExerciseContentKt$ExerciseContent$2;"
"classes10.txt","2434","Lua/krupa/spanish/ui/screens/exercise/ExerciseContentKt$SpanishStimulus$1;"
"classes10.txt","2843","Lua/krupa/spanish/ui/screens/exercise/ExerciseContentKt$SpanishStimulus$2;"
"classes10.txt","2945","Lua/krupa/spanish/ui/screens/exercise/ExerciseContentKt$TextInputAnswer$1;"
"classes10.txt","3085","Lua/krupa/spanish/ui/screens/exercise/ExerciseContentKt$TextInputAnswer$2;"
"classes10.txt","3204","Lua/krupa/spanish/ui/screens/exercise/ExerciseContentKt$TokenPool$1$1$1$1;"
"classes10.txt","3291","Lua/krupa/spanish/ui/screens/exercise/ExerciseContentKt$TokenPool$1$1$2;"
"classes10.txt","3450","Lua/krupa/spanish/ui/screens/exercise/ExerciseContentKt$TokenPool$2;"
"classes10.txt","3558","Lua/krupa/spanish/ui/screens/exercise/ExerciseContentKt$WhenMappings;"
"classes10.txt","3694","Lua/krupa/spanish/ui/screens/exercise/ExerciseContentKt;"
"classes10.txt","7430","Lua/krupa/spanish/ui/screens/exercise/ExerciseUiState;"
"classes9.txt","5432","Lua/krupa/spanish/ui/screens/grammar/ComposableSingletons$GrammarScreenKt$lambda-1$1;"
"classes9.txt","5632","Lua/krupa/spanish/ui/screens/grammar/ComposableSingletons$GrammarScreenKt$lambda-2$1;"
"classes9.txt","5784","Lua/krupa/spanish/ui/screens/grammar/ComposableSingletons$GrammarScreenKt$lambda-3$1;"
"classes9.txt","5932","Lua/krupa/spanish/ui/screens/grammar/ComposableSingletons$GrammarScreenKt$lambda-4$1;"
"classes9.txt","6107","Lua/krupa/spanish/ui/screens/grammar/ComposableSingletons$GrammarScreenKt;"
"classes9.txt","6276","Lua/krupa/spanish/ui/screens/grammar/GrammarScreenKt$GrammarCard$1$1;"
"classes9.txt","6363","Lua/krupa/spanish/ui/screens/grammar/GrammarScreenKt$GrammarCard$2$1$2$1$1$1$1$1;"
"classes9.txt","6455","Lua/krupa/spanish/ui/screens/grammar/GrammarScreenKt$GrammarCard$2$1$2$1;"
"classes9.txt","7306","Lua/krupa/spanish/ui/screens/grammar/GrammarScreenKt$GrammarCard$2;"
"classes9.txt","8645","Lua/krupa/spanish/ui/screens/grammar/GrammarScreenKt$GrammarCard$3;"
"classes9.txt","8745","Lua/krupa/spanish/ui/screens/grammar/GrammarScreenKt$GrammarScreen$2;"
"classes9.txt","8848","Lua/krupa/spanish/ui/screens/grammar/GrammarScreenKt$GrammarScreen$3$1;"
"classes9.txt","9340","Lua/krupa/spanish/ui/screens/grammar/GrammarScreenKt$GrammarScreen$3$2$1$1$1;"
"classes9.txt","9424","Lua/krupa/spanish/ui/screens/grammar/GrammarScreenKt$GrammarScreen$3$2$1$2$1$1;"
"classes9.txt","9516","Lua/krupa/spanish/ui/screens/grammar/GrammarScreenKt$GrammarScreen$3$2$1$2$2;"
"classes9.txt","9659","Lua/krupa/spanish/ui/screens/grammar/GrammarScreenKt$GrammarScreen$3$2;"
"classes9.txt","10241","Lua/krupa/spanish/ui/screens/grammar/GrammarScreenKt$GrammarScreen$3$3;"
"classes9.txt","10350","Lua/krupa/spanish/ui/screens/grammar/GrammarScreenKt$GrammarScreen$3$4$1$1;"
"classes9.txt","10526","Lua/krupa/spanish/ui/screens/grammar/GrammarScreenKt$GrammarScreen$3$4$1;"
"classes9.txt","10627","Lua/krupa/spanish/ui/screens/grammar/GrammarScreenKt$GrammarScreen$3$invoke$$inlined$items$default$1;"
"classes9.txt","10725","Lua/krupa/spanish/ui/screens/grammar/GrammarScreenKt$GrammarScreen$3$invoke$$inlined$items$default$2;"
"classes9.txt","10820","Lua/krupa/spanish/ui/screens/grammar/GrammarScreenKt$GrammarScreen$3$invoke$$inlined$items$default$3;"
"classes9.txt","10915","Lua/krupa/spanish/ui/screens/grammar/GrammarScreenKt$GrammarScreen$3$invoke$$inlined$items$default$4;"
"classes9.txt","11108","Lua/krupa/spanish/ui/screens/grammar/GrammarScreenKt$GrammarScreen$3;"
"classes9.txt","11305","Lua/krupa/spanish/ui/screens/grammar/GrammarScreenKt$GrammarScreen$4;"
"classes9.txt","11403","Lua/krupa/spanish/ui/screens/grammar/GrammarScreenKt$GrammarScreen$notes$2;"
"classes9.txt","11512","Lua/krupa/spanish/ui/screens/grammar/GrammarScreenKt$GrammarScreen$notes$3;"
"classes9.txt","11629","Lua/krupa/spanish/ui/screens/grammar/GrammarScreenKt;"
"classes16.txt","25748","Lua/krupa/spanish/ui/screens/home/ComposableSingletons$HomeScreenKt$lambda-1$1;"
"classes16.txt","25885","Lua/krupa/spanish/ui/screens/home/ComposableSingletons$HomeScreenKt$lambda-2$1;"
"classes16.txt","26023","Lua/krupa/spanish/ui/screens/home/ComposableSingletons$HomeScreenKt$lambda-3$1;"
"classes16.txt","26179","Lua/krupa/spanish/ui/screens/home/ComposableSingletons$HomeScreenKt;"
"classes16.txt","27594","Lua/krupa/spanish/ui/screens/home/HomeScreenKt$HomeScreen$1$1;"
"classes16.txt","26321","Lua/krupa/spanish/ui/screens/home/HomeScreenKt$HomeScreen$1$10$1$1;"
"classes16.txt","26406","Lua/krupa/spanish/ui/screens/home/HomeScreenKt$HomeScreen$1$10;"
"classes16.txt","26599","Lua/krupa/spanish/ui/screens/home/HomeScreenKt$HomeScreen$1$11$1$1;"
"classes16.txt","26684","Lua/krupa/spanish/ui/screens/home/HomeScreenKt$HomeScreen$1$11;"
"classes16.txt","26877","Lua/krupa/spanish/ui/screens/home/HomeScreenKt$HomeScreen$1$12$1$1;"
"classes16.txt","26962","Lua/krupa/spanish/ui/screens/home/HomeScreenKt$HomeScreen$1$12;"
"classes16.txt","27155","Lua/krupa/spanish/ui/screens/home/HomeScreenKt$HomeScreen$1$13$1$1;"
"classes16.txt","27240","Lua/krupa/spanish/ui/screens/home/HomeScreenKt$HomeScreen$1$13;"
"classes16.txt","27430","Lua/krupa/spanish/ui/screens/home/HomeScreenKt$HomeScreen$1$14$1;"
"classes16.txt","28074","Lua/krupa/spanish/ui/screens/home/HomeScreenKt$HomeScreen$1$2;"
"classes16.txt","28192","Lua/krupa/spanish/ui/screens/home/HomeScreenKt$HomeScreen$1$3;"
"classes16.txt","28330","Lua/krupa/spanish/ui/screens/home/HomeScreenKt$HomeScreen$1$4$1$1;"
"classes16.txt","28424","Lua/krupa/spanish/ui/screens/home/HomeScreenKt$HomeScreen$1$4;"
"classes16.txt","28651","Lua/krupa/spanish/ui/screens/home/HomeScreenKt$HomeScreen$1$5$1$1;"
"classes16.txt","28736","Lua/krupa/spanish/ui/screens/home/HomeScreenKt$HomeScreen$1$5;"
"classes16.txt","28974","Lua/krupa/spanish/ui/screens/home/HomeScreenKt$HomeScreen$1$6;"
"classes16.txt","29404","Lua/krupa/spanish/ui/screens/home/HomeScreenKt$HomeScreen$1$7;"
"classes16.txt","29869","Lua/krupa/spanish/ui/screens/home/HomeScreenKt$HomeScreen$1$8;"
"classes16.txt","30032","Lua/krupa/spanish/ui/screens/home/HomeScreenKt$HomeScreen$1$9$1$1;"
"classes16.txt","30117","Lua/krupa/spanish/ui/screens/home/HomeScreenKt$HomeScreen$1$9;"
"classes16.txt","30308","Lua/krupa/spanish/ui/screens/home/HomeScreenKt$HomeScreen$1$invoke$$inlined$items$default$1;"
"classes16.txt","30406","Lua/krupa/spanish/ui/screens/home/HomeScreenKt$HomeScreen$1$invoke$$inlined$items$default$2;"
"classes16.txt","30501","Lua/krupa/spanish/ui/screens/home/HomeScreenKt$HomeScreen$1$invoke$$inlined$items$default$3;"
"classes16.txt","30596","Lua/krupa/spanish/ui/screens/home/HomeScreenKt$HomeScreen$1$invoke$$inlined$items$default$4;"
"classes16.txt","30824","Lua/krupa/spanish/ui/screens/home/HomeScreenKt$HomeScreen$1;"
"classes16.txt","31201","Lua/krupa/spanish/ui/screens/home/HomeScreenKt$HomeScreen$2;"
"classes16.txt","31303","Lua/krupa/spanish/ui/screens/home/HomeScreenKt$LevelProgressCard$1$1$2;"
"classes16.txt","31389","Lua/krupa/spanish/ui/screens/home/HomeScreenKt$LevelProgressCard$1;"
"classes16.txt","32513","Lua/krupa/spanish/ui/screens/home/HomeScreenKt$LevelProgressCard$2;"
"classes16.txt","32603","Lua/krupa/spanish/ui/screens/home/HomeScreenKt$MiniStat$2;"
"classes16.txt","32701","Lua/krupa/spanish/ui/screens/home/HomeScreenKt;"
"classes16.txt","33525","Lua/krupa/spanish/ui/screens/home/HomeUiState;"
"classes16.txt","34002","Lua/krupa/spanish/ui/screens/home/HomeViewModel$1$1;"
"classes16.txt","34117","Lua/krupa/spanish/ui/screens/home/HomeViewModel$1;"
"classes16.txt","34285","Lua/krupa/spanish/ui/screens/home/HomeViewModel$2$1;"
"classes16.txt","34395","Lua/krupa/spanish/ui/screens/home/HomeViewModel$2;"
"classes16.txt","34568","Lua/krupa/spanish/ui/screens/home/HomeViewModel$refreshPlan$1;"
"classes16.txt","34855","Lua/krupa/spanish/ui/screens/home/HomeViewModel;"
"classes16.txt","35083","Lua/krupa/spanish/ui/screens/home/HomeViewModelFactory;"
"classes9.txt","12857","Lua/krupa/spanish/ui/screens/learn/ComposableSingletons$LearnScreenKt$lambda-1$1;"
"classes9.txt","13309","Lua/krupa/spanish/ui/screens/learn/ComposableSingletons$LearnScreenKt;"
"classes9.txt","13397","Lua/krupa/spanish/ui/screens/learn/LearnScreenKt$LearnScreen$2;"
"classes9.txt","13493","Lua/krupa/spanish/ui/screens/learn/LearnScreenKt$LearnScreen$3$1$1$1$1;"
"classes9.txt","13578","Lua/krupa/spanish/ui/screens/learn/LearnScreenKt$LearnScreen$3$1$1$1$2;"
"classes9.txt","13721","Lua/krupa/spanish/ui/screens/learn/LearnScreenKt$LearnScreen$3$1;"
"classes9.txt","14202","Lua/krupa/spanish/ui/screens/learn/LearnScreenKt$LearnScreen$3$2$1;"
"classes9.txt","14980","Lua/krupa/spanish/ui/screens/learn/LearnScreenKt$LearnScreen$3$2;"
"classes9.txt","15179","Lua/krupa/spanish/ui/screens/learn/LearnScreenKt$LearnScreen$3$4;"
"classes9.txt","15330","Lua/krupa/spanish/ui/screens/learn/LearnScreenKt$LearnScreen$3$5$1;"
"classes9.txt","15424","Lua/krupa/spanish/ui/screens/learn/LearnScreenKt$LearnScreen$3$6;"
"classes9.txt","15632","Lua/krupa/spanish/ui/screens/learn/LearnScreenKt$LearnScreen$3$invoke$$inlined$items$default$1;"
"classes9.txt","15730","Lua/krupa/spanish/ui/screens/learn/LearnScreenKt$LearnScreen$3$invoke$$inlined$items$default$2;"
"classes9.txt","15825","Lua/krupa/spanish/ui/screens/learn/LearnScreenKt$LearnScreen$3$invoke$$inlined$items$default$3;"
"classes9.txt","15920","Lua/krupa/spanish/ui/screens/learn/LearnScreenKt$LearnScreen$3$invoke$$inlined$items$default$4;"
"classes9.txt","16126","Lua/krupa/spanish/ui/screens/learn/LearnScreenKt$LearnScreen$3;"
"classes9.txt","16362","Lua/krupa/spanish/ui/screens/learn/LearnScreenKt$LearnScreen$4;"
"classes9.txt","16460","Lua/krupa/spanish/ui/screens/learn/LearnScreenKt;"
"classes9.txt","17026","Lua/krupa/spanish/ui/screens/learn/LearnUiState;"
"classes9.txt","17706","Lua/krupa/spanish/ui/screens/learn/LearnViewModel$1;"
"classes9.txt","17862","Lua/krupa/spanish/ui/screens/learn/LearnViewModel$load$$inlined$sortedBy$1;"
"classes9.txt","17945","Lua/krupa/spanish/ui/screens/learn/LearnViewModel$load$$inlined$sortedBy$2;"
"classes9.txt","18027","Lua/krupa/spanish/ui/screens/learn/LearnViewModel$load$1;"
"classes9.txt","18141","Lua/krupa/spanish/ui/screens/learn/LearnViewModel;"
"classes9.txt","19081","Lua/krupa/spanish/ui/screens/learn/LearnViewModelFactory;"
"classes9.txt","19168","Lua/krupa/spanish/ui/screens/learn/TopicSummary;"
"classes14.txt","19297","Lua/krupa/spanish/ui/screens/listening/ComposableSingletons$ListeningScreenKt$lambda-1$1;"
"classes14.txt","19748","Lua/krupa/spanish/ui/screens/listening/ComposableSingletons$ListeningScreenKt$lambda-2$1;"
"classes14.txt","19896","Lua/krupa/spanish/ui/screens/listening/ComposableSingletons$ListeningScreenKt$lambda-3$1;"
"classes14.txt","20044","Lua/krupa/spanish/ui/screens/listening/ComposableSingletons$ListeningScreenKt$lambda-4$1;"
"classes14.txt","20244","Lua/krupa/spanish/ui/screens/listening/ComposableSingletons$ListeningScreenKt$lambda-5$1;"
"classes14.txt","20402","Lua/krupa/spanish/ui/screens/listening/ComposableSingletons$ListeningScreenKt$lambda-6$1;"
"classes14.txt","20561","Lua/krupa/spanish/ui/screens/listening/ComposableSingletons$ListeningScreenKt$lambda-7$1;"
"classes14.txt","20741","Lua/krupa/spanish/ui/screens/listening/ComposableSingletons$ListeningScreenKt;"
"classes14.txt","20984","Lua/krupa/spanish/ui/screens/listening/ListeningDetailUiState;"
"classes14.txt","21319","Lua/krupa/spanish/ui/screens/listening/ListeningDetailViewModel$1;"
"classes14.txt","21532","Lua/krupa/spanish/ui/screens/listening/ListeningDetailViewModel$recordListening$1;"
"classes14.txt","21739","Lua/krupa/spanish/ui/screens/listening/ListeningDetailViewModel;"
"classes14.txt","21966","Lua/krupa/spanish/ui/screens/listening/ListeningDetailViewModelFactory;"
"classes14.txt","22068","Lua/krupa/spanish/ui/screens/listening/ListeningScreenKt$LevelHint$1;"
"classes14.txt","22162","Lua/krupa/spanish/ui/screens/listening/ListeningScreenKt$ListeningDetailScreen$2;"
"classes14.txt","22268","Lua/krupa/spanish/ui/screens/listening/ListeningScreenKt$ListeningDetailScreen$4;"
"classes14.txt","22378","Lua/krupa/spanish/ui/screens/listening/ListeningScreenKt$ListeningDetailScreen$5$1$1$1;"
"classes14.txt","22625","Lua/krupa/spanish/ui/screens/listening/ListeningScreenKt$ListeningDetailScreen$5$1$1;"
"classes14.txt","22726","Lua/krupa/spanish/ui/screens/listening/ListeningScreenKt$ListeningDetailScreen$5$1$2;"
"classes14.txt","22812","Lua/krupa/spanish/ui/screens/listening/ListeningScreenKt$ListeningDetailScreen$5$2$1$1$1$2$1;"
"classes14.txt","22990","Lua/krupa/spanish/ui/screens/listening/ListeningScreenKt$ListeningDetailScreen$5$2$1$1$1$2;"
"classes14.txt","23095","Lua/krupa/spanish/ui/screens/listening/ListeningScreenKt$ListeningDetailScreen$5$2$1;"
"classes14.txt","24148","Lua/krupa/spanish/ui/screens/listening/ListeningScreenKt$ListeningDetailScreen$5$3$1;"
"classes14.txt","24235","Lua/krupa/spanish/ui/screens/listening/ListeningScreenKt$ListeningDetailScreen$5$4;"
"classes14.txt","24387","Lua/krupa/spanish/ui/screens/listening/ListeningScreenKt$ListeningDetailScreen$5$5;"
"classes14.txt","25143","Lua/krupa/spanish/ui/screens/listening/ListeningScreenKt$ListeningDetailScreen$5$6$1$1$1$1;"
"classes14.txt","25282","Lua/krupa/spanish/ui/screens/listening/ListeningScreenKt$ListeningDetailScreen$5$6$1$1$1$2;"
"classes14.txt","25458","Lua/krupa/spanish/ui/screens/listening/ListeningScreenKt$ListeningDetailScreen$5$6$1;"
"classes14.txt","26181","Lua/krupa/spanish/ui/screens/listening/ListeningScreenKt$ListeningDetailScreen$5$8;"
"classes14.txt","26290","Lua/krupa/spanish/ui/screens/listening/ListeningScreenKt$ListeningDetailScreen$6;"
"classes14.txt","26400","Lua/krupa/spanish/ui/screens/listening/ListeningScreenKt$ListeningDetailScreen$playAll$1$1;"
"classes14.txt","26689","Lua/krupa/spanish/ui/screens/listening/ListeningScreenKt$ListeningDetailScreen$playAll$1;"
"classes14.txt","26799","Lua/krupa/spanish/ui/screens/listening/ListeningScreenKt$ListeningScreen$2;"
"classes14.txt","26895","Lua/krupa/spanish/ui/screens/listening/ListeningScreenKt$ListeningScreen$3$1$1$1$1;"
"classes14.txt","26980","Lua/krupa/spanish/ui/screens/listening/ListeningScreenKt$ListeningScreen$3$1$1$1$2;"
"classes14.txt","27123","Lua/krupa/spanish/ui/screens/listening/ListeningScreenKt$ListeningScreen$3$1;"
"classes14.txt","27587","Lua/krupa/spanish/ui/screens/listening/ListeningScreenKt$ListeningScreen$3$2;"
"classes14.txt","27709","Lua/krupa/spanish/ui/screens/listening/ListeningScreenKt$ListeningScreen$3$3;"
"classes14.txt","27815","Lua/krupa/spanish/ui/screens/listening/ListeningScreenKt$ListeningScreen$3$4$1;"
"classes14.txt","27903","Lua/krupa/spanish/ui/screens/listening/ListeningScreenKt$ListeningScreen$3$4$2;"
"classes14.txt","28997","Lua/krupa/spanish/ui/screens/listening/ListeningScreenKt$ListeningScreen$3$invoke$$inlined$items$default$1;"
"classes14.txt","29095","Lua/krupa/spanish/ui/screens/listening/ListeningScreenKt$ListeningScreen$3$invoke$$inlined$items$default$2;"
"classes14.txt","29190","Lua/krupa/spanish/ui/screens/listening/ListeningScreenKt$ListeningScreen$3$invoke$$inlined$items$default$3;"
"classes14.txt","29285","Lua/krupa/spanish/ui/screens/listening/ListeningScreenKt$ListeningScreen$3$invoke$$inlined$items$default$4;"
"classes14.txt","29556","Lua/krupa/spanish/ui/screens/listening/ListeningScreenKt$ListeningScreen$3;"
"classes14.txt","29770","Lua/krupa/spanish/ui/screens/listening/ListeningScreenKt$ListeningScreen$4;"
"classes14.txt","29865","Lua/krupa/spanish/ui/screens/listening/ListeningScreenKt$WhenMappings;"
"classes14.txt","29963","Lua/krupa/spanish/ui/screens/listening/ListeningScreenKt;"
"classes14.txt","33742","Lua/krupa/spanish/ui/screens/listening/ListeningUiState;"
"classes14.txt","34382","Lua/krupa/spanish/ui/screens/listening/ListeningViewModel$1$invokeSuspend$$inlined$sortedBy$1;"
"classes14.txt","34470","Lua/krupa/spanish/ui/screens/listening/ListeningViewModel$1;"
"classes14.txt","34760","Lua/krupa/spanish/ui/screens/listening/ListeningViewModel;"
"classes14.txt","34958","Lua/krupa/spanish/ui/screens/listening/ListeningViewModelFactory;"
"classes16.txt","35174","Lua/krupa/spanish/ui/screens/onboarding/ComposableSingletons$OnboardingScreenKt$lambda-1$1;"
"classes16.txt","35374","Lua/krupa/spanish/ui/screens/onboarding/ComposableSingletons$OnboardingScreenKt$lambda-2$1;"
"classes16.txt","35533","Lua/krupa/spanish/ui/screens/onboarding/ComposableSingletons$OnboardingScreenKt$lambda-3$1;"
"classes16.txt","35685","Lua/krupa/spanish/ui/screens/onboarding/ComposableSingletons$OnboardingScreenKt$lambda-4$1;"
"classes16.txt","35885","Lua/krupa/spanish/ui/screens/onboarding/ComposableSingletons$OnboardingScreenKt$lambda-5$1;"
"classes16.txt","36043","Lua/krupa/spanish/ui/screens/onboarding/ComposableSingletons$OnboardingScreenKt$lambda-6$1;"
"classes16.txt","36201","Lua/krupa/spanish/ui/screens/onboarding/ComposableSingletons$OnboardingScreenKt$lambda-7$1;"
"classes16.txt","36385","Lua/krupa/spanish/ui/screens/onboarding/ComposableSingletons$OnboardingScreenKt;"
"classes16.txt","36632","Lua/krupa/spanish/ui/screens/onboarding/OnboardingScreenKt$ExampleSplit$1;"
"classes16.txt","37308","Lua/krupa/spanish/ui/screens/onboarding/OnboardingScreenKt$ExampleSplit$2;"
"classes16.txt","37402","Lua/krupa/spanish/ui/screens/onboarding/OnboardingScreenKt$GoalStep$1$1$1$1;"
"classes16.txt","37491","Lua/krupa/spanish/ui/screens/onboarding/OnboardingScreenKt$GoalStep$2;"
"classes16.txt","37668","Lua/krupa/spanish/ui/screens/onboarding/OnboardingScreenKt$OnboardingScreen$1$1;"
"classes16.txt","37587","Lua/krupa/spanish/ui/screens/onboarding/OnboardingScreenKt$OnboardingScreen$1$10;"
"classes16.txt","37749","Lua/krupa/spanish/ui/screens/onboarding/OnboardingScreenKt$OnboardingScreen$1$2;"
"classes16.txt","37836","Lua/krupa/spanish/ui/screens/onboarding/OnboardingScreenKt$OnboardingScreen$1$3;"
"classes16.txt","37923","Lua/krupa/spanish/ui/screens/onboarding/OnboardingScreenKt$OnboardingScreen$1$4;"
"classes16.txt","38010","Lua/krupa/spanish/ui/screens/onboarding/OnboardingScreenKt$OnboardingScreen$1$5;"
"classes16.txt","38110","Lua/krupa/spanish/ui/screens/onboarding/OnboardingScreenKt$OnboardingScreen$1$6$1;"
"classes16.txt","38296","Lua/krupa/spanish/ui/screens/onboarding/OnboardingScreenKt$OnboardingScreen$1$6;"
"classes16.txt","38396","Lua/krupa/spanish/ui/screens/onboarding/OnboardingScreenKt$OnboardingScreen$1$7;"
"classes16.txt","38487","Lua/krupa/spanish/ui/screens/onboarding/OnboardingScreenKt$OnboardingScreen$1$8;"
"classes16.txt","38572","Lua/krupa/spanish/ui/screens/onboarding/OnboardingScreenKt$OnboardingScreen$1$9;"
"classes16.txt","38657","Lua/krupa/spanish/ui/screens/onboarding/OnboardingScreenKt$OnboardingScreen$2;"
"classes16.txt","38754","Lua/krupa/spanish/ui/screens/onboarding/OnboardingScreenKt$ResultStep$1$1;"
"classes16.txt","39271","Lua/krupa/spanish/ui/screens/onboarding/OnboardingScreenKt$ResultStep$1$3$1$1$1;"
"classes16.txt","39362","Lua/krupa/spanish/ui/screens/onboarding/OnboardingScreenKt$ResultStep$2;"
"classes16.txt","39465","Lua/krupa/spanish/ui/screens/onboarding/OnboardingScreenKt$SelectableCard$1;"
"classes16.txt","40293","Lua/krupa/spanish/ui/screens/onboarding/OnboardingScreenKt$SelectableCard$2;"
"classes16.txt","40402","Lua/krupa/spanish/ui/screens/onboarding/OnboardingScreenKt$TestIntroStep$2;"
"classes16.txt","40492","Lua/krupa/spanish/ui/screens/onboarding/OnboardingScreenKt$TestStep$1$1;"
"classes16.txt","40575","Lua/krupa/spanish/ui/screens/onboarding/OnboardingScreenKt$TestStep$1$2;"
"classes16.txt","40763","Lua/krupa/spanish/ui/screens/onboarding/OnboardingScreenKt$TestStep$1$3;"
"classes16.txt","40854","Lua/krupa/spanish/ui/screens/onboarding/OnboardingScreenKt$TestStep$1$4$1;"
"classes16.txt","40956","Lua/krupa/spanish/ui/screens/onboarding/OnboardingScreenKt$TestStep$1$4$2;"
"classes16.txt","41128","Lua/krupa/spanish/ui/screens/onboarding/OnboardingScreenKt$TestStep$1$5;"
"classes16.txt","41564","Lua/krupa/spanish/ui/screens/onboarding/OnboardingScreenKt$TestStep$1$6$1;"
"classes16.txt","41658","Lua/krupa/spanish/ui/screens/onboarding/OnboardingScreenKt$TestStep$1$6$2;"
"classes16.txt","41752","Lua/krupa/spanish/ui/screens/onboarding/OnboardingScreenKt$TestStep$1$7;"
"classes16.txt","41848","Lua/krupa/spanish/ui/screens/onboarding/OnboardingScreenKt$TestStep$2;"
"classes16.txt","41956","Lua/krupa/spanish/ui/screens/onboarding/OnboardingScreenKt$TestStep$question$1;"
"classes16.txt","42058","Lua/krupa/spanish/ui/screens/onboarding/OnboardingScreenKt$TimeStep$1$1;"
"classes16.txt","42164","Lua/krupa/spanish/ui/screens/onboarding/OnboardingScreenKt$TimeStep$2;"
"classes16.txt","42264","Lua/krupa/spanish/ui/screens/onboarding/OnboardingScreenKt$WelcomeStep$2;"
"classes16.txt","42359","Lua/krupa/spanish/ui/screens/onboarding/OnboardingScreenKt$WhenMappings;"
"classes16.txt","42470","Lua/krupa/spanish/ui/screens/onboarding/OnboardingScreenKt;"
"classes16.txt","48224","Lua/krupa/spanish/ui/screens/onboarding/OnboardingUiState;"
"classes16.txt","49346","Lua/krupa/spanish/ui/screens/onboarding/OnboardingViewModel$finish$1;"
"classes16.txt","49241","Lua/krupa/spanish/ui/screens/onboarding/OnboardingViewModel$WhenMappings;"
"classes16.txt","49595","Lua/krupa/spanish/ui/screens/onboarding/OnboardingViewModel;"
"classes16.txt","50374","Lua/krupa/spanish/ui/screens/onboarding/OnboardingViewModelFactory;"
"classes16.txt","50466","Lua/krupa/spanish/ui/screens/onboarding/Step;"
"classes4.txt","12","Lua/krupa/spanish/ui/screens/progress/ComposableSingletons$ProgressScreenKt$lambda-1$1;"
"classes4.txt","164","Lua/krupa/spanish/ui/screens/progress/ComposableSingletons$ProgressScreenKt$lambda-2$1;"
"classes4.txt","315","Lua/krupa/spanish/ui/screens/progress/ComposableSingletons$ProgressScreenKt$lambda-3$1;"
"classes4.txt","466","Lua/krupa/spanish/ui/screens/progress/ComposableSingletons$ProgressScreenKt$lambda-4$1;"
"classes4.txt","617","Lua/krupa/spanish/ui/screens/progress/ComposableSingletons$ProgressScreenKt$lambda-5$1;"
"classes4.txt","768","Lua/krupa/spanish/ui/screens/progress/ComposableSingletons$ProgressScreenKt$lambda-6$1;"
"classes4.txt","936","Lua/krupa/spanish/ui/screens/progress/ComposableSingletons$ProgressScreenKt;"
"classes4.txt","1160","Lua/krupa/spanish/ui/screens/progress/ProgressScreenKt$ActivityChart$1;"
"classes4.txt","2049","Lua/krupa/spanish/ui/screens/progress/ProgressScreenKt$ActivityChart$2;"
"classes4.txt","2139","Lua/krupa/spanish/ui/screens/progress/ProgressScreenKt$LevelCard$1$1$1;"
"classes4.txt","2225","Lua/krupa/spanish/ui/screens/progress/ProgressScreenKt$LevelCard$1;"
"classes4.txt","2781","Lua/krupa/spanish/ui/screens/progress/ProgressScreenKt$LevelCard$2;"
"classes4.txt","2871","Lua/krupa/spanish/ui/screens/progress/ProgressScreenKt$ProgressScreen$2;"
"classes4.txt","2962","Lua/krupa/spanish/ui/screens/progress/ProgressScreenKt$ProgressScreen$3$1;"
"classes4.txt","3428","Lua/krupa/spanish/ui/screens/progress/ProgressScreenKt$ProgressScreen$3$2;"
"classes4.txt","3547","Lua/krupa/spanish/ui/screens/progress/ProgressScreenKt$ProgressScreen$3$3;"
"classes4.txt","3979","Lua/krupa/spanish/ui/screens/progress/ProgressScreenKt$ProgressScreen$3$4;"
"classes4.txt","4405","Lua/krupa/spanish/ui/screens/progress/ProgressScreenKt$ProgressScreen$3$5;"
"classes4.txt","4813","Lua/krupa/spanish/ui/screens/progress/ProgressScreenKt$ProgressScreen$3$6;"
"classes4.txt","4932","Lua/krupa/spanish/ui/screens/progress/ProgressScreenKt$ProgressScreen$3$7$1;"
"classes4.txt","5096","Lua/krupa/spanish/ui/screens/progress/ProgressScreenKt$ProgressScreen$3$8$1;"
"classes4.txt","5521","Lua/krupa/spanish/ui/screens/progress/ProgressScreenKt$ProgressScreen$3$8;"
"classes4.txt","5669","Lua/krupa/spanish/ui/screens/progress/ProgressScreenKt$ProgressScreen$3$invoke$$inlined$items$default$1;"
"classes4.txt","5767","Lua/krupa/spanish/ui/screens/progress/ProgressScreenKt$ProgressScreen$3$invoke$$inlined$items$default$2;"
"classes4.txt","5862","Lua/krupa/spanish/ui/screens/progress/ProgressScreenKt$ProgressScreen$3$invoke$$inlined$items$default$3;"
"classes4.txt","5957","Lua/krupa/spanish/ui/screens/progress/ProgressScreenKt$ProgressScreen$3$invoke$$inlined$items$default$4;"
"classes4.txt","6153","Lua/krupa/spanish/ui/screens/progress/ProgressScreenKt$ProgressScreen$3;"
"classes4.txt","6432","Lua/krupa/spanish/ui/screens/progress/ProgressScreenKt$ProgressScreen$4;"
"classes4.txt","6522","Lua/krupa/spanish/ui/screens/progress/ProgressScreenKt;"
"classes4.txt","7329","Lua/krupa/spanish/ui/screens/progress/ProgressUiState;"
"classes4.txt","7658","Lua/krupa/spanish/ui/screens/progress/ProgressViewModel$1$1;"
"classes4.txt","7756","Lua/krupa/spanish/ui/screens/progress/ProgressViewModel$1;"
"classes4.txt","7925","Lua/krupa/spanish/ui/screens/progress/ProgressViewModel;"
"classes4.txt","8084","Lua/krupa/spanish/ui/screens/progress/ProgressViewModelFactory;"
"classes8.txt","13637","Lua/krupa/spanish/ui/screens/review/ComposableSingletons$ReviewScreenKt$lambda-1$1;"
"classes8.txt","13838","Lua/krupa/spanish/ui/screens/review/ComposableSingletons$ReviewScreenKt;"
"classes8.txt","13931","Lua/krupa/spanish/ui/screens/review/ReviewScreenKt$ReviewScreen$1;"
"classes8.txt","14147","Lua/krupa/spanish/ui/screens/review/ReviewScreenKt$ReviewScreen$4$1$1$1;"
"classes8.txt","14238","Lua/krupa/spanish/ui/screens/review/ReviewScreenKt$ReviewScreen$4$2$1;"
"classes8.txt","14414","Lua/krupa/spanish/ui/screens/review/ReviewScreenKt$ReviewScreen$4$2;"
"classes8.txt","14520","Lua/krupa/spanish/ui/screens/review/ReviewScreenKt$ReviewScreen$4$3$1;"
"classes8.txt","14700","Lua/krupa/spanish/ui/screens/review/ReviewScreenKt$ReviewScreen$4$3;"
"classes8.txt","14804","Lua/krupa/spanish/ui/screens/review/ReviewScreenKt$ReviewScreen$5;"
"classes8.txt","15865","Lua/krupa/spanish/ui/screens/review/ReviewScreenKt$ReviewStep$1;"
"classes8.txt","14904","Lua/krupa/spanish/ui/screens/review/ReviewScreenKt$ReviewStep$10;"
"classes8.txt","14994","Lua/krupa/spanish/ui/screens/review/ReviewScreenKt$ReviewStep$11;"
"classes8.txt","15088","Lua/krupa/spanish/ui/screens/review/ReviewScreenKt$ReviewStep$12;"
"classes8.txt","15168","Lua/krupa/spanish/ui/screens/review/ReviewScreenKt$ReviewStep$13;"
"classes8.txt","15250","Lua/krupa/spanish/ui/screens/review/ReviewScreenKt$ReviewStep$14;"
"classes8.txt","15743","Lua/krupa/spanish/ui/screens/review/ReviewScreenKt$ReviewStep$15;"
"classes8.txt","16484","Lua/krupa/spanish/ui/screens/review/ReviewScreenKt$ReviewStep$2;"
"classes8.txt","16933","Lua/krupa/spanish/ui/screens/review/ReviewScreenKt$ReviewStep$3;"
"classes8.txt","17021","Lua/krupa/spanish/ui/screens/review/ReviewScreenKt$ReviewStep$4$1;"
"classes8.txt","17111","Lua/krupa/spanish/ui/screens/review/ReviewScreenKt$ReviewStep$4$2;"
"classes8.txt","17622","Lua/krupa/spanish/ui/screens/review/ReviewScreenKt$ReviewStep$5;"
"classes8.txt","17703","Lua/krupa/spanish/ui/screens/review/ReviewScreenKt$ReviewStep$6;"
"classes8.txt","17790","Lua/krupa/spanish/ui/screens/review/ReviewScreenKt$ReviewStep$7;"
"classes8.txt","17877","Lua/krupa/spanish/ui/screens/review/ReviewScreenKt$ReviewStep$8;"
"classes8.txt","17968","Lua/krupa/spanish/ui/screens/review/ReviewScreenKt$ReviewStep$9;"
"classes8.txt","18066","Lua/krupa/spanish/ui/screens/review/ReviewScreenKt$ReviewStep$step$1;"
"classes8.txt","18191","Lua/krupa/spanish/ui/screens/review/ReviewScreenKt;"
"classes13.txt","27118","Lua/krupa/spanish/ui/screens/session/ComposableSingletons$SessionScreenKt$lambda-1$1;"
"classes13.txt","27278","Lua/krupa/spanish/ui/screens/session/ComposableSingletons$SessionScreenKt$lambda-2$1;"
"classes13.txt","27479","Lua/krupa/spanish/ui/screens/session/ComposableSingletons$SessionScreenKt$lambda-3$1;"
"classes13.txt","27679","Lua/krupa/spanish/ui/screens/session/ComposableSingletons$SessionScreenKt$lambda-4$1;"
"classes13.txt","27837","Lua/krupa/spanish/ui/screens/session/ComposableSingletons$SessionScreenKt$lambda-5$1;"
"classes13.txt","28012","Lua/krupa/spanish/ui/screens/session/ComposableSingletons$SessionScreenKt;"
"classes13.txt","28211","Lua/krupa/spanish/ui/screens/session/ReviewViewModel$1;"
"classes13.txt","28457","Lua/krupa/spanish/ui/screens/session/ReviewViewModel$advance$1;"
"classes13.txt","28638","Lua/krupa/spanish/ui/screens/session/ReviewViewModel$load$1;"
"classes13.txt","28745","Lua/krupa/spanish/ui/screens/session/ReviewViewModel$rate$1;"
"classes13.txt","28363","Lua/krupa/spanish/ui/screens/session/ReviewViewModel$WhenMappings;"
"classes13.txt","29320","Lua/krupa/spanish/ui/screens/session/ReviewViewModel;"
"classes13.txt","31366","Lua/krupa/spanish/ui/screens/session/ReviewViewModelFactory;"
"classes13.txt","31456","Lua/krupa/spanish/ui/screens/session/SessionScreenKt$ExerciseBlock$1;"
"classes13.txt","31543","Lua/krupa/spanish/ui/screens/session/SessionScreenKt$ExerciseBlock$2;"
"classes13.txt","31630","Lua/krupa/spanish/ui/screens/session/SessionScreenKt$ExerciseBlock$3;"
"classes13.txt","31721","Lua/krupa/spanish/ui/screens/session/SessionScreenKt$ExerciseBlock$4;"
"classes13.txt","31812","Lua/krupa/spanish/ui/screens/session/SessionScreenKt$ExerciseBlock$5;"
"classes13.txt","31907","Lua/krupa/spanish/ui/screens/session/SessionScreenKt$ExerciseBlock$6$1$1;"
"classes13.txt","32045","Lua/krupa/spanish/ui/screens/session/SessionScreenKt$ExerciseBlock$6$1;"
"classes13.txt","32242","Lua/krupa/spanish/ui/screens/session/SessionScreenKt$ExerciseBlock$6;"
"classes13.txt","32389","Lua/krupa/spanish/ui/screens/session/SessionScreenKt$ExerciseBlock$7;"
"classes13.txt","32567","Lua/krupa/spanish/ui/screens/session/SessionScreenKt$ExerciseBlock$ui$1;"
"classes13.txt","32734","Lua/krupa/spanish/ui/screens/session/SessionScreenKt$FeedbackBlock$1;"
"classes13.txt","33657","Lua/krupa/spanish/ui/screens/session/SessionScreenKt$FeedbackBlock$2;"
"classes13.txt","33773","Lua/krupa/spanish/ui/screens/session/SessionScreenKt$FlashcardBlock$1$1;"
"classes13.txt","34421","Lua/krupa/spanish/ui/screens/session/SessionScreenKt$FlashcardBlock$1$2;"
"classes13.txt","34873","Lua/krupa/spanish/ui/screens/session/SessionScreenKt$FlashcardBlock$2;"
"classes13.txt","34996","Lua/krupa/spanish/ui/screens/session/SessionScreenKt$FlashcardButtons$1;"
"classes13.txt","35115","Lua/krupa/spanish/ui/screens/session/SessionScreenKt$FlashcardButtons$2$1$1$1;"
"classes13.txt","35201","Lua/krupa/spanish/ui/screens/session/SessionScreenKt$FlashcardButtons$2$1$2;"
"classes13.txt","35680","Lua/krupa/spanish/ui/screens/session/SessionScreenKt$FlashcardButtons$3;"
"classes13.txt","35796","Lua/krupa/spanish/ui/screens/session/SessionScreenKt$GrammarBlock$1$1;"
"classes13.txt","36187","Lua/krupa/spanish/ui/screens/session/SessionScreenKt$GrammarBlock$1$2$1$1$2$1;"
"classes13.txt","36279","Lua/krupa/spanish/ui/screens/session/SessionScreenKt$GrammarBlock$1$2$1;"
"classes13.txt","37195","Lua/krupa/spanish/ui/screens/session/SessionScreenKt$GrammarBlock$2;"
"classes13.txt","37295","Lua/krupa/spanish/ui/screens/session/SessionScreenKt$ListeningBlock$1$1$1$1$1$1;"
"classes13.txt","37389","Lua/krupa/spanish/ui/screens/session/SessionScreenKt$ListeningBlock$1$1$1;"
"classes13.txt","37951","Lua/krupa/spanish/ui/screens/session/SessionScreenKt$ListeningBlock$1$2$1;"
"classes13.txt","38038","Lua/krupa/spanish/ui/screens/session/SessionScreenKt$ListeningBlock$1$3;"
"classes13.txt","38190","Lua/krupa/spanish/ui/screens/session/SessionScreenKt$ListeningBlock$1$4;"
"classes13.txt","38690","Lua/krupa/spanish/ui/screens/session/SessionScreenKt$ListeningBlock$1$5$1$1$1$1$1;"
"classes13.txt","38794","Lua/krupa/spanish/ui/screens/session/SessionScreenKt$ListeningBlock$1$5$1$1$1$2;"
"classes13.txt","38972","Lua/krupa/spanish/ui/screens/session/SessionScreenKt$ListeningBlock$1$5$1;"
"classes13.txt","39783","Lua/krupa/spanish/ui/screens/session/SessionScreenKt$ListeningBlock$2;"
"classes13.txt","39892","Lua/krupa/spanish/ui/screens/session/SessionScreenKt$LoadingBlock$2;"
"classes13.txt","39983","Lua/krupa/spanish/ui/screens/session/SessionScreenKt$SessionContent$1$1$1;"
"classes13.txt","41078","Lua/krupa/spanish/ui/screens/session/SessionScreenKt$SessionContent$1$1;"
"classes13.txt","40172","Lua/krupa/spanish/ui/screens/session/SessionScreenKt$SessionContent$1$10$1;"
"classes13.txt","40414","Lua/krupa/spanish/ui/screens/session/SessionScreenKt$SessionContent$1$10;"
"classes13.txt","40515","Lua/krupa/spanish/ui/screens/session/SessionScreenKt$SessionContent$1$11;"
"classes13.txt","40595","Lua/krupa/spanish/ui/screens/session/SessionScreenKt$SessionContent$1$12;"
"classes13.txt","40675","Lua/krupa/spanish/ui/screens/session/SessionScreenKt$SessionContent$1$13;"
"classes13.txt","40754","Lua/krupa/spanish/ui/screens/session/SessionScreenKt$SessionContent$1$14;"
"classes13.txt","40839","Lua/krupa/spanish/ui/screens/session/SessionScreenKt$SessionContent$1$15;"
"classes13.txt","40919","Lua/krupa/spanish/ui/screens/session/SessionScreenKt$SessionContent$1$16;"
"classes13.txt","40998","Lua/krupa/spanish/ui/screens/session/SessionScreenKt$SessionContent$1$17;"
"classes13.txt","41178","Lua/krupa/spanish/ui/screens/session/SessionScreenKt$SessionContent$1$2;"
"classes13.txt","41264","Lua/krupa/spanish/ui/screens/session/SessionScreenKt$SessionContent$1$3$1;"
"classes13.txt","41443","Lua/krupa/spanish/ui/screens/session/SessionScreenKt$SessionContent$1$3;"
"classes13.txt","41547","Lua/krupa/spanish/ui/screens/session/SessionScreenKt$SessionContent$1$4;"
"classes13.txt","41643","Lua/krupa/spanish/ui/screens/session/SessionScreenKt$SessionContent$1$5$1;"
"classes13.txt","41735","Lua/krupa/spanish/ui/screens/session/SessionScreenKt$SessionContent$1$6$1;"
"classes13.txt","41911","Lua/krupa/spanish/ui/screens/session/SessionScreenKt$SessionContent$1$6;"
"classes13.txt","42017","Lua/krupa/spanish/ui/screens/session/SessionScreenKt$SessionContent$1$7$1;"
"classes13.txt","42197","Lua/krupa/spanish/ui/screens/session/SessionScreenKt$SessionContent$1$7;"
"classes13.txt","42303","Lua/krupa/spanish/ui/screens/session/SessionScreenKt$SessionContent$1$8$1;"
"classes13.txt","42479","Lua/krupa/spanish/ui/screens/session/SessionScreenKt$SessionContent$1$8;"
"classes13.txt","42585","Lua/krupa/spanish/ui/screens/session/SessionScreenKt$SessionContent$1$9$1;"
"classes13.txt","42761","Lua/krupa/spanish/ui/screens/session/SessionScreenKt$SessionContent$1$9;"
"classes13.txt","42866","Lua/krupa/spanish/ui/screens/session/SessionScreenKt$SessionContent$2;"
"classes13.txt","42999","Lua/krupa/spanish/ui/screens/session/SessionScreenKt$SessionContent$step$1;"
"classes13.txt","43126","Lua/krupa/spanish/ui/screens/session/SessionScreenKt$SessionScreen$1$invoke$$inlined$onDispose$1;"
"classes13.txt","43195","Lua/krupa/spanish/ui/screens/session/SessionScreenKt$SessionScreen$1;"
"classes13.txt","43289","Lua/krupa/spanish/ui/screens/session/SessionScreenKt$SessionScreen$2$WhenMappings;"
"classes13.txt","43359","Lua/krupa/spanish/ui/screens/session/SessionScreenKt$SessionScreen$2;"
"classes13.txt","43645","Lua/krupa/spanish/ui/screens/session/SessionScreenKt$SessionScreen$3$1$2$1;"
"classes13.txt","43733","Lua/krupa/spanish/ui/screens/session/SessionScreenKt$SessionScreen$3$2;"
"classes13.txt","43817","Lua/krupa/spanish/ui/screens/session/SessionScreenKt$SessionScreen$4;"
"classes13.txt","43930","Lua/krupa/spanish/ui/screens/session/SessionScreenKt$SessionScreen$permissionLauncher$1$1;"
"classes13.txt","44016","Lua/krupa/spanish/ui/screens/session/SessionScreenKt$SummaryBlock$1$1;"
"classes13.txt","44537","Lua/krupa/spanish/ui/screens/session/SessionScreenKt$SummaryBlock$2;"
"classes13.txt","44632","Lua/krupa/spanish/ui/screens/session/SessionScreenKt$WhenMappings;"
"classes13.txt","44720","Lua/krupa/spanish/ui/screens/session/SessionScreenKt$WordIntroBlock$1$1;"
"classes13.txt","45268","Lua/krupa/spanish/ui/screens/session/SessionScreenKt$WordIntroBlock$1$2;"
"classes13.txt","45764","Lua/krupa/spanish/ui/screens/session/SessionScreenKt$WordIntroBlock$2;"
"classes13.txt","45905","Lua/krupa/spanish/ui/screens/session/SessionScreenKt;"
"classes13.txt","54356","Lua/krupa/spanish/ui/screens/session/SessionUiState;"
"classes13.txt","55515","Lua/krupa/spanish/ui/screens/session/SessionViewModel$1;"
"classes13.txt","55792","Lua/krupa/spanish/ui/screens/session/SessionViewModel$buildDailySession$1;"
"classes13.txt","55875","Lua/krupa/spanish/ui/screens/session/SessionViewModel$buildTopicSession$1;"
"classes13.txt","55979","Lua/krupa/spanish/ui/screens/session/SessionViewModel$commitSessionTime$1;"
"classes13.txt","56165","Lua/krupa/spanish/ui/screens/session/SessionViewModel$finishSession$1;"
"classes13.txt","56346","Lua/krupa/spanish/ui/screens/session/SessionViewModel$load$1;"
"classes13.txt","56424","Lua/krupa/spanish/ui/screens/session/SessionViewModel$planToSteps$1;"
"classes13.txt","56532","Lua/krupa/spanish/ui/screens/session/SessionViewModel$rateStep$1;"
"classes13.txt","56810","Lua/krupa/spanish/ui/screens/session/SessionViewModel$recordCard$1;"
"classes13.txt","56907","Lua/krupa/spanish/ui/screens/session/SessionViewModel$recordExercise$1;"
"classes13.txt","55667","Lua/krupa/spanish/ui/screens/session/SessionViewModel$WhenMappings;"
"classes13.txt","57000","Lua/krupa/spanish/ui/screens/session/SessionViewModel$wordToSteps$1;"
"classes13.txt","57135","Lua/krupa/spanish/ui/screens/session/SessionViewModel;"
"classes13.txt","62244","Lua/krupa/spanish/ui/screens/session/SessionViewModelFactory;"
"classes9.txt","19562","Lua/krupa/spanish/ui/screens/settings/ComposableSingletons$SettingsScreenKt$lambda-1$1;"
"classes9.txt","19763","Lua/krupa/spanish/ui/screens/settings/ComposableSingletons$SettingsScreenKt$lambda-10$1;"
"classes9.txt","19963","Lua/krupa/spanish/ui/screens/settings/ComposableSingletons$SettingsScreenKt$lambda-11$1;"
"classes9.txt","20122","Lua/krupa/spanish/ui/screens/settings/ComposableSingletons$SettingsScreenKt$lambda-12$1;"
"classes9.txt","20281","Lua/krupa/spanish/ui/screens/settings/ComposableSingletons$SettingsScreenKt$lambda-13$1;"
"classes9.txt","20439","Lua/krupa/spanish/ui/screens/settings/ComposableSingletons$SettingsScreenKt$lambda-14$1;"
"classes9.txt","20597","Lua/krupa/spanish/ui/screens/settings/ComposableSingletons$SettingsScreenKt$lambda-15$1;"
"classes9.txt","20748","Lua/krupa/spanish/ui/screens/settings/ComposableSingletons$SettingsScreenKt$lambda-16$1;"
"classes9.txt","20905","Lua/krupa/spanish/ui/screens/settings/ComposableSingletons$SettingsScreenKt$lambda-17$1;"
"classes9.txt","21063","Lua/krupa/spanish/ui/screens/settings/ComposableSingletons$SettingsScreenKt$lambda-18$1;"
"classes9.txt","21221","Lua/krupa/spanish/ui/screens/settings/ComposableSingletons$SettingsScreenKt$lambda-19$1;"
"classes9.txt","21379","Lua/krupa/spanish/ui/screens/settings/ComposableSingletons$SettingsScreenKt$lambda-2$1;"
"classes9.txt","21530","Lua/krupa/spanish/ui/screens/settings/ComposableSingletons$SettingsScreenKt$lambda-20$1;"
"classes9.txt","21681","Lua/krupa/spanish/ui/screens/settings/ComposableSingletons$SettingsScreenKt$lambda-21$1;"
"classes9.txt","21832","Lua/krupa/spanish/ui/screens/settings/ComposableSingletons$SettingsScreenKt$lambda-3$1;"
"classes9.txt","21992","Lua/krupa/spanish/ui/screens/settings/ComposableSingletons$SettingsScreenKt$lambda-4$1;"
"classes9.txt","22192","Lua/krupa/spanish/ui/screens/settings/ComposableSingletons$SettingsScreenKt$lambda-5$1;"
"classes9.txt","22343","Lua/krupa/spanish/ui/screens/settings/ComposableSingletons$SettingsScreenKt$lambda-6$1;"
"classes9.txt","22494","Lua/krupa/spanish/ui/screens/settings/ComposableSingletons$SettingsScreenKt$lambda-7$1;"
"classes9.txt","22645","Lua/krupa/spanish/ui/screens/settings/ComposableSingletons$SettingsScreenKt$lambda-8$1;"
"classes9.txt","22797","Lua/krupa/spanish/ui/screens/settings/ComposableSingletons$SettingsScreenKt$lambda-9$1;"
"classes9.txt","23078","Lua/krupa/spanish/ui/screens/settings/ComposableSingletons$SettingsScreenKt;"
"classes9.txt","23708","Lua/krupa/spanish/ui/screens/settings/SettingsScreenKt$SettingsScreen$10;"
"classes9.txt","23816","Lua/krupa/spanish/ui/screens/settings/SettingsScreenKt$SettingsScreen$2;"
"classes9.txt","23918","Lua/krupa/spanish/ui/screens/settings/SettingsScreenKt$SettingsScreen$3$1$1$1;"
"classes9.txt","24005","Lua/krupa/spanish/ui/screens/settings/SettingsScreenKt$SettingsScreen$3$1$1$2$1$1;"
"classes9.txt","24090","Lua/krupa/spanish/ui/screens/settings/SettingsScreenKt$SettingsScreen$3$1$1$2$1$2;"
"classes9.txt","24228","Lua/krupa/spanish/ui/screens/settings/SettingsScreenKt$SettingsScreen$3$1$1$3$1$1;"
"classes9.txt","24313","Lua/krupa/spanish/ui/screens/settings/SettingsScreenKt$SettingsScreen$3$1$1$3$1$2;"
"classes9.txt","24451","Lua/krupa/spanish/ui/screens/settings/SettingsScreenKt$SettingsScreen$3$1$1$4;"
"classes9.txt","24553","Lua/krupa/spanish/ui/screens/settings/SettingsScreenKt$SettingsScreen$3$1$1$5;"
"classes9.txt","24645","Lua/krupa/spanish/ui/screens/settings/SettingsScreenKt$SettingsScreen$3$1;"
"classes9.txt","25943","Lua/krupa/spanish/ui/screens/settings/SettingsScreenKt$SettingsScreen$3$2$1$1$1$1;"
"classes9.txt","26028","Lua/krupa/spanish/ui/screens/settings/SettingsScreenKt$SettingsScreen$3$2$1$1$1$2;"
"classes9.txt","26167","Lua/krupa/spanish/ui/screens/settings/SettingsScreenKt$SettingsScreen$3$2;"
"classes9.txt","26917","Lua/krupa/spanish/ui/screens/settings/SettingsScreenKt$SettingsScreen$3$3$1$1$1$1;"
"classes9.txt","27002","Lua/krupa/spanish/ui/screens/settings/SettingsScreenKt$SettingsScreen$3$3$1$1$1$2;"
"classes9.txt","27140","Lua/krupa/spanish/ui/screens/settings/SettingsScreenKt$SettingsScreen$3$3$1$2$1$1;"
"classes9.txt","27225","Lua/krupa/spanish/ui/screens/settings/SettingsScreenKt$SettingsScreen$3$3$1$2$1$2;"
"classes9.txt","27379","Lua/krupa/spanish/ui/screens/settings/SettingsScreenKt$SettingsScreen$3$3$1$3;"
"classes9.txt","27460","Lua/krupa/spanish/ui/screens/settings/SettingsScreenKt$SettingsScreen$3$3$1$4$2;"
"classes9.txt","27552","Lua/krupa/spanish/ui/screens/settings/SettingsScreenKt$SettingsScreen$3$3;"
"classes9.txt","29435","Lua/krupa/spanish/ui/screens/settings/SettingsScreenKt$SettingsScreen$3$4$1$1$1$1;"
"classes9.txt","29522","Lua/krupa/spanish/ui/screens/settings/SettingsScreenKt$SettingsScreen$3$4$1$1$1$2;"
"classes9.txt","29660","Lua/krupa/spanish/ui/screens/settings/SettingsScreenKt$SettingsScreen$3$4$1$2$2;"
"classes9.txt","29747","Lua/krupa/spanish/ui/screens/settings/SettingsScreenKt$SettingsScreen$3$4$1$3;"
"classes9.txt","29834","Lua/krupa/spanish/ui/screens/settings/SettingsScreenKt$SettingsScreen$3$4$1$4;"
"classes9.txt","29921","Lua/krupa/spanish/ui/screens/settings/SettingsScreenKt$SettingsScreen$3$4$1$5;"
"classes9.txt","30009","Lua/krupa/spanish/ui/screens/settings/SettingsScreenKt$SettingsScreen$3$4;"
"classes9.txt","31554","Lua/krupa/spanish/ui/screens/settings/SettingsScreenKt$SettingsScreen$3$5$1$1;"
"classes9.txt","31639","Lua/krupa/spanish/ui/screens/settings/SettingsScreenKt$SettingsScreen$3$5$1$2;"
"classes9.txt","31733","Lua/krupa/spanish/ui/screens/settings/SettingsScreenKt$SettingsScreen$3$5$1$6$1;"
"classes9.txt","31822","Lua/krupa/spanish/ui/screens/settings/SettingsScreenKt$SettingsScreen$3$5;"
"classes9.txt","32757","Lua/krupa/spanish/ui/screens/settings/SettingsScreenKt$SettingsScreen$3$6$1$3;"
"classes9.txt","32843","Lua/krupa/spanish/ui/screens/settings/SettingsScreenKt$SettingsScreen$3$6;"
"classes9.txt","33527","Lua/krupa/spanish/ui/screens/settings/SettingsScreenKt$SettingsScreen$4$1;"
"classes9.txt","33611","Lua/krupa/spanish/ui/screens/settings/SettingsScreenKt$SettingsScreen$5$1;"
"classes9.txt","33704","Lua/krupa/spanish/ui/screens/settings/SettingsScreenKt$SettingsScreen$5;"
"classes9.txt","33850","Lua/krupa/spanish/ui/screens/settings/SettingsScreenKt$SettingsScreen$6$1$1;"
"classes9.txt","33935","Lua/krupa/spanish/ui/screens/settings/SettingsScreenKt$SettingsScreen$6;"
"classes9.txt","34115","Lua/krupa/spanish/ui/screens/settings/SettingsScreenKt$SettingsScreen$7$1;"
"classes9.txt","34201","Lua/krupa/spanish/ui/screens/settings/SettingsScreenKt$SettingsScreen$8$1;"
"classes9.txt","34310","Lua/krupa/spanish/ui/screens/settings/SettingsScreenKt$SettingsScreen$8;"
"classes9.txt","34464","Lua/krupa/spanish/ui/screens/settings/SettingsScreenKt$SettingsScreen$9$1$1;"
"classes9.txt","34572","Lua/krupa/spanish/ui/screens/settings/SettingsScreenKt$SettingsScreen$9$1$2$1;"
"classes9.txt","34669","Lua/krupa/spanish/ui/screens/settings/SettingsScreenKt$SettingsScreen$9;"
"classes9.txt","35131","Lua/krupa/spanish/ui/screens/settings/SettingsScreenKt$SettingsScreen$filePicker$1;"
"classes9.txt","35337","Lua/krupa/spanish/ui/screens/settings/SettingsScreenKt;"
"classes9.txt","37085","Lua/krupa/spanish/ui/screens/settings/SettingsUiState;"
"classes9.txt","38220","Lua/krupa/spanish/ui/screens/settings/SettingsViewModel$1$1;"
"classes9.txt","38339","Lua/krupa/spanish/ui/screens/settings/SettingsViewModel$1;"
"classes9.txt","38507","Lua/krupa/spanish/ui/screens/settings/SettingsViewModel$2$1;"
"classes9.txt","38626","Lua/krupa/spanish/ui/screens/settings/SettingsViewModel$2;"
"classes9.txt","38801","Lua/krupa/spanish/ui/screens/settings/SettingsViewModel$3;"
"classes9.txt","39288","Lua/krupa/spanish/ui/screens/settings/SettingsViewModel$exportProgress$1;"
"classes9.txt","39520","Lua/krupa/spanish/ui/screens/settings/SettingsViewModel$importProgress$1;"
"classes9.txt","39766","Lua/krupa/spanish/ui/screens/settings/SettingsViewModel$reloadContent$1;"
"classes9.txt","40042","Lua/krupa/spanish/ui/screens/settings/SettingsViewModel$resetProgress$1;"
"classes9.txt","40235","Lua/krupa/spanish/ui/screens/settings/SettingsViewModel$setAiApiKey$1;"
"classes9.txt","40346","Lua/krupa/spanish/ui/screens/settings/SettingsViewModel$setAiEndpoint$1;"
"classes9.txt","40458","Lua/krupa/spanish/ui/screens/settings/SettingsViewModel$setAiModel$1;"
"classes9.txt","40569","Lua/krupa/spanish/ui/screens/settings/SettingsViewModel$setAiProvider$1;"
"classes9.txt","40676","Lua/krupa/spanish/ui/screens/settings/SettingsViewModel$setAllowExternalAi$1;"
"classes9.txt","40782","Lua/krupa/spanish/ui/screens/settings/SettingsViewModel$setDailyMinutes$1;"
"classes9.txt","40888","Lua/krupa/spanish/ui/screens/settings/SettingsViewModel$setGoal$1;"
"classes9.txt","40994","Lua/krupa/spanish/ui/screens/settings/SettingsViewModel$setLevel$1;"
"classes9.txt","41100","Lua/krupa/spanish/ui/screens/settings/SettingsViewModel$setListeningHints$1;"
"classes9.txt","41206","Lua/krupa/spanish/ui/screens/settings/SettingsViewModel$setName$1;"
"classes9.txt","41315","Lua/krupa/spanish/ui/screens/settings/SettingsViewModel$setRate$1;"
"classes9.txt","41421","Lua/krupa/spanish/ui/screens/settings/SettingsViewModel$setTheme$1;"
"classes9.txt","41527","Lua/krupa/spanish/ui/screens/settings/SettingsViewModel$setVoiceGender$1;"
"classes9.txt","41642","Lua/krupa/spanish/ui/screens/settings/SettingsViewModel$testVoice$1;"
"classes9.txt","41835","Lua/krupa/spanish/ui/screens/settings/SettingsViewModel$update$1;"
"classes9.txt","42021","Lua/krupa/spanish/ui/screens/settings/SettingsViewModel;"
"classes9.txt","42761","Lua/krupa/spanish/ui/screens/settings/SettingsViewModelFactory;"
"classes6.txt","2538","Lua/krupa/spanish/ui/screens/speaking/ComposableSingletons$SpeakingScreenKt$lambda-1$1;"
"classes6.txt","2739","Lua/krupa/spanish/ui/screens/speaking/ComposableSingletons$SpeakingScreenKt$lambda-2$1;"
"classes6.txt","2939","Lua/krupa/spanish/ui/screens/speaking/ComposableSingletons$SpeakingScreenKt$lambda-3$1;"
"classes6.txt","3097","Lua/krupa/spanish/ui/screens/speaking/ComposableSingletons$SpeakingScreenKt$lambda-4$1;"
"classes6.txt","3255","Lua/krupa/spanish/ui/screens/speaking/ComposableSingletons$SpeakingScreenKt$lambda-5$1;"
"classes6.txt","3413","Lua/krupa/spanish/ui/screens/speaking/ComposableSingletons$SpeakingScreenKt$lambda-6$1;"
"classes6.txt","3572","Lua/krupa/spanish/ui/screens/speaking/ComposableSingletons$SpeakingScreenKt$lambda-7$1;"
"classes6.txt","3756","Lua/krupa/spanish/ui/screens/speaking/ComposableSingletons$SpeakingScreenKt;"
"classes6.txt","3999","Lua/krupa/spanish/ui/screens/speaking/SpeakingPrompt;"
"classes6.txt","4555","Lua/krupa/spanish/ui/screens/speaking/SpeakingScreenKt$PronunciationResultBlock$1$1$1;"
"classes6.txt","4641","Lua/krupa/spanish/ui/screens/speaking/SpeakingScreenKt$PronunciationResultBlock$1;"
"classes6.txt","5556","Lua/krupa/spanish/ui/screens/speaking/SpeakingScreenKt$PronunciationResultBlock$2;"
"classes6.txt","5650","Lua/krupa/spanish/ui/screens/speaking/SpeakingScreenKt$SpeakingScreen$2;"
"classes6.txt","5750","Lua/krupa/spanish/ui/screens/speaking/SpeakingScreenKt$SpeakingScreen$4;"
"classes6.txt","5850","Lua/krupa/spanish/ui/screens/speaking/SpeakingScreenKt$SpeakingScreen$5$2$1;"
"classes6.txt","5955","Lua/krupa/spanish/ui/screens/speaking/SpeakingScreenKt$SpeakingScreen$5$3;"
"classes6.txt","6483","Lua/krupa/spanish/ui/screens/speaking/SpeakingScreenKt$SpeakingScreen$5$4$1$1;"
"classes6.txt","6661","Lua/krupa/spanish/ui/screens/speaking/SpeakingScreenKt$SpeakingScreen$5$4$1;"
"classes6.txt","6768","Lua/krupa/spanish/ui/screens/speaking/SpeakingScreenKt$SpeakingScreen$5$4$2$1;"
"classes6.txt","6960","Lua/krupa/spanish/ui/screens/speaking/SpeakingScreenKt$SpeakingScreen$5$4$2;"
"classes6.txt","7063","Lua/krupa/spanish/ui/screens/speaking/SpeakingScreenKt$SpeakingScreen$5$5$1$1;"
"classes6.txt","7180","Lua/krupa/spanish/ui/screens/speaking/SpeakingScreenKt$SpeakingScreen$5$5$1;"
"classes6.txt","7357","Lua/krupa/spanish/ui/screens/speaking/SpeakingScreenKt$SpeakingScreen$5$5;"
"classes6.txt","7481","Lua/krupa/spanish/ui/screens/speaking/SpeakingScreenKt$SpeakingScreen$5$6;"
"classes6.txt","7682","Lua/krupa/spanish/ui/screens/speaking/SpeakingScreenKt$SpeakingScreen$5$8$1;"
"classes6.txt","7762","Lua/krupa/spanish/ui/screens/speaking/SpeakingScreenKt$SpeakingScreen$5$8$2;"
"classes6.txt","7842","Lua/krupa/spanish/ui/screens/speaking/SpeakingScreenKt$SpeakingScreen$5$9$1;"
"classes6.txt","7923","Lua/krupa/spanish/ui/screens/speaking/SpeakingScreenKt$SpeakingScreen$5$9$2;"
"classes6.txt","8008","Lua/krupa/spanish/ui/screens/speaking/SpeakingScreenKt$SpeakingScreen$6;"
"classes6.txt","8104","Lua/krupa/spanish/ui/screens/speaking/SpeakingScreenKt$SpeakingScreen$permissionLauncher$1;"
"classes6.txt","8194","Lua/krupa/spanish/ui/screens/speaking/SpeakingScreenKt;"
"classes6.txt","11703","Lua/krupa/spanish/ui/screens/speaking/SpeakingUiState;"
"classes6.txt","12775","Lua/krupa/spanish/ui/screens/speaking/SpeakingViewModel$1;"
"classes6.txt","12930","Lua/krupa/spanish/ui/screens/speaking/SpeakingViewModel$genderMap$1;"
"classes6.txt","13005","Lua/krupa/spanish/ui/screens/speaking/SpeakingViewModel$load$$inlined$sortedByDescending$1;"
"classes6.txt","13087","Lua/krupa/spanish/ui/screens/speaking/SpeakingViewModel$load$1;"
"classes6.txt","13190","Lua/krupa/spanish/ui/screens/speaking/SpeakingViewModel$recordAttempt$1;"
"classes6.txt","13491","Lua/krupa/spanish/ui/screens/speaking/SpeakingViewModel;"
"classes6.txt","15380","Lua/krupa/spanish/ui/screens/speaking/SpeakingViewModelFactory;"
"classes7.txt","11323","Lua/krupa/spanish/ui/screens/topic/ComposableSingletons$TopicDetailScreenKt$lambda-1$1;"
"classes7.txt","11523","Lua/krupa/spanish/ui/screens/topic/ComposableSingletons$TopicDetailScreenKt$lambda-2$1;"
"classes7.txt","11674","Lua/krupa/spanish/ui/screens/topic/ComposableSingletons$TopicDetailScreenKt$lambda-3$1;"
"classes7.txt","11830","Lua/krupa/spanish/ui/screens/topic/ComposableSingletons$TopicDetailScreenKt$lambda-4$1;"
"classes7.txt","11990","Lua/krupa/spanish/ui/screens/topic/ComposableSingletons$TopicDetailScreenKt;"
"classes7.txt","12161","Lua/krupa/spanish/ui/screens/topic/TopicDetailScreenKt$TopicDetailScreen$2;"
"classes7.txt","12276","Lua/krupa/spanish/ui/screens/topic/TopicDetailScreenKt$TopicDetailScreen$4;"
"classes7.txt","12390","Lua/krupa/spanish/ui/screens/topic/TopicDetailScreenKt$TopicDetailScreen$5$1;"
"classes7.txt","12903","Lua/krupa/spanish/ui/screens/topic/TopicDetailScreenKt$TopicDetailScreen$5$2$1$1$1;"
"classes7.txt","13011","Lua/krupa/spanish/ui/screens/topic/TopicDetailScreenKt$TopicDetailScreen$5$2$1;"
"classes7.txt","13613","Lua/krupa/spanish/ui/screens/topic/TopicDetailScreenKt$TopicDetailScreen$5$2;"
"classes7.txt","13785","Lua/krupa/spanish/ui/screens/topic/TopicDetailScreenKt$TopicDetailScreen$5$3$1$1;"
"classes7.txt","13889","Lua/krupa/spanish/ui/screens/topic/TopicDetailScreenKt$TopicDetailScreen$5$3;"
"classes7.txt","14115","Lua/krupa/spanish/ui/screens/topic/TopicDetailScreenKt$TopicDetailScreen$5$4;"
"classes7.txt","14272","Lua/krupa/spanish/ui/screens/topic/TopicDetailScreenKt$TopicDetailScreen$5$5$1;"
"classes7.txt","14373","Lua/krupa/spanish/ui/screens/topic/TopicDetailScreenKt$TopicDetailScreen$5$5$2$1;"
"classes7.txt","14561","Lua/krupa/spanish/ui/screens/topic/TopicDetailScreenKt$TopicDetailScreen$5$5$2;"
"classes7.txt","14663","Lua/krupa/spanish/ui/screens/topic/TopicDetailScreenKt$TopicDetailScreen$5$6$1;"
"classes7.txt","15206","Lua/krupa/spanish/ui/screens/topic/TopicDetailScreenKt$TopicDetailScreen$5$invoke$$inlined$items$default$1;"
"classes7.txt","15304","Lua/krupa/spanish/ui/screens/topic/TopicDetailScreenKt$TopicDetailScreen$5$invoke$$inlined$items$default$2;"
"classes7.txt","15399","Lua/krupa/spanish/ui/screens/topic/TopicDetailScreenKt$TopicDetailScreen$5$invoke$$inlined$items$default$3;"
"classes7.txt","15494","Lua/krupa/spanish/ui/screens/topic/TopicDetailScreenKt$TopicDetailScreen$5$invoke$$inlined$items$default$4;"
"classes7.txt","15717","Lua/krupa/spanish/ui/screens/topic/TopicDetailScreenKt$TopicDetailScreen$5$invoke$$inlined$items$default$5;"
"classes7.txt","15815","Lua/krupa/spanish/ui/screens/topic/TopicDetailScreenKt$TopicDetailScreen$5$invoke$$inlined$items$default$6;"
"classes7.txt","15910","Lua/krupa/spanish/ui/screens/topic/TopicDetailScreenKt$TopicDetailScreen$5$invoke$$inlined$items$default$7;"
"classes7.txt","16005","Lua/krupa/spanish/ui/screens/topic/TopicDetailScreenKt$TopicDetailScreen$5$invoke$$inlined$items$default$8;"
"classes7.txt","16209","Lua/krupa/spanish/ui/screens/topic/TopicDetailScreenKt$TopicDetailScreen$5;"
"classes7.txt","16513","Lua/krupa/spanish/ui/screens/topic/TopicDetailScreenKt$TopicDetailScreen$6;"
"classes7.txt","16624","Lua/krupa/spanish/ui/screens/topic/TopicDetailScreenKt;"
"classes7.txt","17616","Lua/krupa/spanish/ui/screens/topic/TopicDetailUiState;"
"classes7.txt","18525","Lua/krupa/spanish/ui/screens/topic/TopicDetailViewModel$1;"
"classes7.txt","18680","Lua/krupa/spanish/ui/screens/topic/TopicDetailViewModel$load$1;"
"classes7.txt","18790","Lua/krupa/spanish/ui/screens/topic/TopicDetailViewModel;"
"classes7.txt","19725","Lua/krupa/spanish/ui/screens/topic/TopicDetailViewModelFactory;"
"classes8.txt","20805","Lua/krupa/spanish/ui/screens/words/ComposableSingletons$WordDetailScreenKt$lambda-1$1;"
"classes8.txt","21006","Lua/krupa/spanish/ui/screens/words/ComposableSingletons$WordDetailScreenKt$lambda-2$1;"
"classes8.txt","21206","Lua/krupa/spanish/ui/screens/words/ComposableSingletons$WordDetailScreenKt$lambda-3$1;"
"classes8.txt","21364","Lua/krupa/spanish/ui/screens/words/ComposableSingletons$WordDetailScreenKt$lambda-4$1;"
"classes8.txt","21535","Lua/krupa/spanish/ui/screens/words/ComposableSingletons$WordDetailScreenKt;"
"classes8.txt","21700","Lua/krupa/spanish/ui/screens/words/ComposableSingletons$WordsScreenKt$lambda-1$1;"
"classes8.txt","21851","Lua/krupa/spanish/ui/screens/words/ComposableSingletons$WordsScreenKt$lambda-2$1;"
"classes8.txt","22002","Lua/krupa/spanish/ui/screens/words/ComposableSingletons$WordsScreenKt$lambda-3$1;"
"classes8.txt","22150","Lua/krupa/spanish/ui/screens/words/ComposableSingletons$WordsScreenKt$lambda-4$1;"
"classes8.txt","22310","Lua/krupa/spanish/ui/screens/words/ComposableSingletons$WordsScreenKt;"
"classes8.txt","22479","Lua/krupa/spanish/ui/screens/words/WordDetailScreenKt$WordDetailScreen$2;"
"classes8.txt","22585","Lua/krupa/spanish/ui/screens/words/WordDetailScreenKt$WordDetailScreen$4;"
"classes8.txt","22688","Lua/krupa/spanish/ui/screens/words/WordDetailScreenKt$WordDetailScreen$5$1;"
"classes8.txt","23242","Lua/krupa/spanish/ui/screens/words/WordDetailScreenKt$WordDetailScreen$5$2$1$1;"
"classes8.txt","23420","Lua/krupa/spanish/ui/screens/words/WordDetailScreenKt$WordDetailScreen$5$2$1;"
"classes8.txt","23527","Lua/krupa/spanish/ui/screens/words/WordDetailScreenKt$WordDetailScreen$5$2$2$1;"
"classes8.txt","23719","Lua/krupa/spanish/ui/screens/words/WordDetailScreenKt$WordDetailScreen$5$2$2;"
"classes8.txt","23825","Lua/krupa/spanish/ui/screens/words/WordDetailScreenKt$WordDetailScreen$5$3;"
"classes8.txt","24303","Lua/krupa/spanish/ui/screens/words/WordDetailScreenKt$WordDetailScreen$5$4$1$1$1;"
"classes8.txt","24395","Lua/krupa/spanish/ui/screens/words/WordDetailScreenKt$WordDetailScreen$5$4;"
"classes8.txt","24977","Lua/krupa/spanish/ui/screens/words/WordDetailScreenKt$WordDetailScreen$5$5$1$1$1;"
"classes8.txt","25155","Lua/krupa/spanish/ui/screens/words/WordDetailScreenKt$WordDetailScreen$5$5$1$1;"
"classes8.txt","25256","Lua/krupa/spanish/ui/screens/words/WordDetailScreenKt$WordDetailScreen$5$5;"
"classes8.txt","25814","Lua/krupa/spanish/ui/screens/words/WordDetailScreenKt$WordDetailScreen$6;"
"classes8.txt","25918","Lua/krupa/spanish/ui/screens/words/WordDetailScreenKt;"
"classes8.txt","27766","Lua/krupa/spanish/ui/screens/words/WordDetailUiState;"
"classes8.txt","28652","Lua/krupa/spanish/ui/screens/words/WordDetailViewModel$1;"
"classes8.txt","28807","Lua/krupa/spanish/ui/screens/words/WordDetailViewModel$load$1;"
"classes8.txt","28897","Lua/krupa/spanish/ui/screens/words/WordDetailViewModel;"
"classes8.txt","29461","Lua/krupa/spanish/ui/screens/words/WordDetailViewModelFactory;"
"classes8.txt","29565","Lua/krupa/spanish/ui/screens/words/WordFilter;"
"classes8.txt","29793","Lua/krupa/spanish/ui/screens/words/WordsScreenKt$WordsScreen$2;"
"classes8.txt","29894","Lua/krupa/spanish/ui/screens/words/WordsScreenKt$WordsScreen$3$1;"
"classes8.txt","30356","Lua/krupa/spanish/ui/screens/words/WordsScreenKt$WordsScreen$3$2;"
"classes8.txt","30803","Lua/krupa/spanish/ui/screens/words/WordsScreenKt$WordsScreen$3$3$1;"
"classes8.txt","30895","Lua/krupa/spanish/ui/screens/words/WordsScreenKt$WordsScreen$3$3;"
"classes8.txt","31087","Lua/krupa/spanish/ui/screens/words/WordsScreenKt$WordsScreen$3$4$1$1$1;"
"classes8.txt","31171","Lua/krupa/spanish/ui/screens/words/WordsScreenKt$WordsScreen$3$4$1$1$2$1;"
"classes8.txt","31270","Lua/krupa/spanish/ui/screens/words/WordsScreenKt$WordsScreen$3$4$1$1$2$2;"
"classes8.txt","31408","Lua/krupa/spanish/ui/screens/words/WordsScreenKt$WordsScreen$3$4$1$2$1$1;"
"classes8.txt","31493","Lua/krupa/spanish/ui/screens/words/WordsScreenKt$WordsScreen$3$4$1$2$1$2;"
"classes8.txt","31636","Lua/krupa/spanish/ui/screens/words/WordsScreenKt$WordsScreen$3$4;"
"classes8.txt","32718","Lua/krupa/spanish/ui/screens/words/WordsScreenKt$WordsScreen$3$5;"
"classes8.txt","32824","Lua/krupa/spanish/ui/screens/words/WordsScreenKt$WordsScreen$3$6$1;"
"classes8.txt","32918","Lua/krupa/spanish/ui/screens/words/WordsScreenKt$WordsScreen$3$6$2$1;"
"classes8.txt","33106","Lua/krupa/spanish/ui/screens/words/WordsScreenKt$WordsScreen$3$6$2;"
"classes8.txt","33209","Lua/krupa/spanish/ui/screens/words/WordsScreenKt$WordsScreen$3$invoke$$inlined$items$default$1;"
"classes8.txt","33307","Lua/krupa/spanish/ui/screens/words/WordsScreenKt$WordsScreen$3$invoke$$inlined$items$default$2;"
"classes8.txt","33402","Lua/krupa/spanish/ui/screens/words/WordsScreenKt$WordsScreen$3$invoke$$inlined$items$default$3;"
"classes8.txt","33497","Lua/krupa/spanish/ui/screens/words/WordsScreenKt$WordsScreen$3$invoke$$inlined$items$default$4;"
"classes8.txt","33729","Lua/krupa/spanish/ui/screens/words/WordsScreenKt$WordsScreen$3;"
"classes8.txt","33984","Lua/krupa/spanish/ui/screens/words/WordsScreenKt$WordsScreen$4;"
"classes8.txt","34082","Lua/krupa/spanish/ui/screens/words/WordsScreenKt;"
"classes8.txt","34743","Lua/krupa/spanish/ui/screens/words/WordsUiState;"
"classes8.txt","35886","Lua/krupa/spanish/ui/screens/words/WordsViewModel$1$invokeSuspend$$inlined$sortedBy$1;"
"classes8.txt","35969","Lua/krupa/spanish/ui/screens/words/WordsViewModel$1$invokeSuspend$$inlined$sortedBy$2;"
"classes8.txt","36057","Lua/krupa/spanish/ui/screens/words/WordsViewModel$1;"
"classes8.txt","36344","Lua/krupa/spanish/ui/screens/words/WordsViewModel$2$1;"
"classes8.txt","36524","Lua/krupa/spanish/ui/screens/words/WordsViewModel$2;"
"classes8.txt","36780","Lua/krupa/spanish/ui/screens/words/WordsViewModel$refreshCards$1;"
"classes8.txt","36691","Lua/krupa/spanish/ui/screens/words/WordsViewModel$WhenMappings;"
"classes8.txt","36865","Lua/krupa/spanish/ui/screens/words/WordsViewModel;"
"classes8.txt","37756","Lua/krupa/spanish/ui/screens/words/WordsViewModelFactory;"
"classes3.txt","16218","Lua/krupa/spanish/ui/theme/ColorKt;"
"classes3.txt","16827","Lua/krupa/spanish/ui/theme/ThemeKt$KrupaSpanishTheme$1;"
"classes3.txt","16928","Lua/krupa/spanish/ui/theme/ThemeKt;"
"classes3.txt","17417","Lua/krupa/spanish/ui/theme/TypeKt;"
